-- phpMyAdmin SQL Dump
-- version 5.2.0
-- https://www.phpmyadmin.net/
--
-- Host: 127.0.0.1
-- Waktu pembuatan: 05 Jan 2024 pada 12.48
-- Versi server: 10.4.24-MariaDB
-- Versi PHP: 8.1.6

SET SQL_MODE = "NO_AUTO_VALUE_ON_ZERO";
START TRANSACTION;
SET time_zone = "+00:00";


/*!40101 SET @OLD_CHARACTER_SET_CLIENT=@@CHARACTER_SET_CLIENT */;
/*!40101 SET @OLD_CHARACTER_SET_RESULTS=@@CHARACTER_SET_RESULTS */;
/*!40101 SET @OLD_COLLATION_CONNECTION=@@COLLATION_CONNECTION */;
/*!40101 SET NAMES utf8mb4 */;

--
-- Database: `sistem_pakar`
--

-- --------------------------------------------------------

--
-- Struktur dari tabel `gejala`
--

CREATE TABLE `gejala` (
  `id_gejala` int(11) NOT NULL,
  `kode_gejala` varchar(25) DEFAULT NULL,
  `nama_gejala` varchar(50) DEFAULT NULL
) ENGINE=InnoDB DEFAULT CHARSET=utf8mb4;

--
-- Dumping data untuk tabel `gejala`
--

INSERT INTO `gejala` (`id_gejala`, `kode_gejala`, `nama_gejala`) VALUES
(4, 'G1', 'Suka Bercerita'),
(5, 'G2', 'Suka Membaca'),
(6, 'G3', 'Suka Menulis'),
(7, 'G4', 'Suka Memecahkan Teka Teki'),
(8, 'G5', 'Gemar Berdebat'),
(10, 'G6', ' Melakukan Permainan Logika Seperti Catur'),
(11, 'G7', 'Suka Membaca Buku Tentang Ilmu Pengetahuan '),
(12, 'G8', 'Suka Berhitung Tanpa Alat Bantu'),
(13, 'G9', 'Melakukan Permainan Yang Melibatkan Gambar atau 3D'),
(14, 'G10', 'Mudah Mengenali Pola dan Berimajinasi'),
(15, 'G11', 'Suka Menggambar atau Coret -Coret'),
(16, 'G12', 'Bisa Memainkan Salah Satu Alat Musik'),
(17, 'G14', 'Suka Bernyanyi'),
(20, 'G14', 'Suka Mendengarkan Musik'),
(21, 'G15', 'Suka Belajar Di Iringi Musik'),
(22, 'G16', 'Suka Melakukan Kegiatan Fisik Seperti Bersepeda'),
(23, 'G17', 'Suka Menari'),
(24, 'G18', 'Suka Olahraga atau Bela Diri'),
(25, 'G19', 'Suka Menirukan Gerak Tubuh Untuk Berbicara'),
(26, 'G20', 'Senang Bekerja Sama Dengan Orang Lain, Kelompok'),
(27, 'G21', 'Suka Berkenalan Dengan Orang Baru'),
(28, 'G22', 'Mudah Bergaul atau Bersosialisasi'),
(29, 'G23', 'Memiliki Empati Yang Tinggi Dengan Teman'),
(30, 'G24', 'Suka Belajar Sendiri Maupun Bermain'),
(31, 'G25', 'Suka Keadaan Tenang'),
(32, 'G26', 'Menyukai Hobi Bersifat Pribadi'),
(33, 'G27', 'Suka Dengan Binatang'),
(34, 'G28', 'Senang Berjalan - Jalan Di Taman'),
(35, 'G29', 'Senang Berkebun'),
(36, 'G30', 'Suka Berkemah');

-- --------------------------------------------------------

--
-- Struktur dari tabel `hasil`
--

CREATE TABLE `hasil` (
  `id_hasil` int(25) NOT NULL,
  `id_user` int(11) DEFAULT NULL,
  `nama` varchar(255) DEFAULT NULL,
  `usia` int(11) DEFAULT NULL,
  `tanggal` date DEFAULT current_timestamp(),
  `sesi` int(11) DEFAULT NULL
) ENGINE=InnoDB DEFAULT CHARSET=utf8mb4;

--
-- Dumping data untuk tabel `hasil`
--

INSERT INTO `hasil` (`id_hasil`, `id_user`, `nama`, `usia`, `tanggal`, `sesi`) VALUES
(25166, 7, 'azzahra', 5, '2023-11-20', 2),
(137651, 7, '', 0, '2023-12-08', 19),
(168880, 7, 'deniya', 4, '2023-11-20', 5),
(228762, 7, '', 0, '2024-01-02', 21),
(247904, 7, 'Fadillah', 5, '2023-11-20', 4),
(300859, 7, 'velya 4', 5, '2023-12-01', 12),
(308171, 3, 'pia', 4, '2023-12-24', 9),
(343960, 7, 'velya 3', 5, '2023-12-01', 11),
(352701, 7, 'muh', 4, '2023-11-26', 8),
(359944, 7, 'velya 2', 4, '2023-12-01', 10),
(467936, 7, 'fitri', 4, '2023-11-20', 1),
(468563, 7, 'muh', 4, '2023-11-26', 8),
(484080, 7, 'velya 6', 4, '2023-12-01', 14),
(569042, 7, 'velya 1', 5, '2023-12-01', 9),
(572274, 7, '', 0, '2023-12-01', 18),
(652221, 7, 'devano', 5, '2023-12-29', 20),
(743424, 7, 'piya', 5, '2023-11-20', 7),
(855381, 7, 'farida', 4, '2023-11-20', 6),
(910227, 7, 'pia', 4, '2023-12-01', 16),
(956063, 7, 'velya 5', 5, '2023-12-01', 13);

-- --------------------------------------------------------

--
-- Struktur dari tabel `hasil_cf`
--

CREATE TABLE `hasil_cf` (
  `id_hasil_cf` int(11) NOT NULL,
  `id_hasil` int(25) DEFAULT NULL,
  `kode_kriteria` varchar(25) DEFAULT NULL,
  `kriteria` varchar(30) NOT NULL,
  `bobot` double DEFAULT NULL
) ENGINE=InnoDB DEFAULT CHARSET=utf8mb4;

--
-- Dumping data untuk tabel `hasil_cf`
--

INSERT INTO `hasil_cf` (`id_hasil_cf`, `id_hasil`, `kode_kriteria`, `kriteria`, `bobot`) VALUES
(225, 467936, 'K4', 'K4', 55.99),
(226, 467936, 'K2', 'K2', 45.28),
(227, 467936, 'K1', 'K1', 27.76),
(228, 25166, 'K3', 'K3', 38.07),
(229, 25166, 'K6', 'K6', 32),
(230, 25166, 'K1', 'K1', 27.99),
(234, 247904, 'K4', 'K4', 55.99),
(235, 247904, 'K8', 'K8', 27.99),
(236, 247904, 'K7', 'K7', 20),
(237, 168880, 'K8', 'K8', 39.2),
(238, 168880, 'K1', 'K1', 27.99),
(239, 168880, 'K3', 'K3', 16),
(240, 855381, 'K4', 'K4', 66.56),
(241, 855381, 'K6', 'K6', 55.8),
(242, 855381, 'K1', 'K1', 39.2),
(243, 743424, 'K1', 'K1', 0),
(244, 743424, 'K2', 'K2', 0),
(245, 743424, 'K3', 'K3', 0),
(246, 352701, 'K1', 'K1', 0),
(247, 352701, 'K2', 'K2', 0),
(248, 352701, 'K3', 'K3', 0),
(249, 468563, 'K8', 'K8', 39.2),
(250, 468563, 'K1', 'K1', 27.99),
(251, 468563, 'K3', 'K3', 16),
(261, 569042, 'K4', 'K4', 66.56),
(262, 569042, 'K1', 'K1', 39.2),
(263, 569042, 'K6', 'K6', 31.19),
(264, 359944, 'K4', 'K4', 55.99),
(265, 359944, 'K2', 'K2', 45.28),
(266, 359944, 'K1', 'K1', 27.76),
(267, 343960, 'K3', 'K3', 38.07),
(268, 343960, 'K6', 'K6', 32),
(269, 343960, 'K1', 'K1', 27.99),
(270, 300859, 'K4', 'K4', 34.64),
(271, 300859, 'K7', 'K7', 31.19),
(272, 300859, 'K2', 'K2', 27.99),
(273, 956063, 'K4', 'K4', 55.99),
(274, 956063, 'K8', 'K8', 27.99),
(275, 956063, 'K7', 'K7', 20),
(276, 484080, 'K8', 'K8', 39.2),
(277, 484080, 'K1', 'K1', 27.99),
(278, 484080, 'K3', 'K3', 16),
(282, 910227, 'K1', 'K1', 0),
(283, 910227, 'K2', 'K2', 0),
(284, 910227, 'K3', 'K3', 0),
(288, 572274, 'K1', 'K1', 0),
(289, 572274, 'K2', 'K2', 0),
(290, 572274, 'K3', 'K3', 0),
(291, 137651, 'K4', 'K4', 81.56),
(292, 137651, 'K1', 'K1', 69.26),
(293, 137651, 'K3', 'K3', 69.26),
(294, 308171, 'K5', 'K5', 62.79),
(295, 308171, 'K3', 'K3', 58.24),
(296, 308171, 'K1', 'K1', 57.1),
(297, 652221, 'K1', 'K1', 76.57),
(298, 652221, 'K3', 'K3', 70.07),
(299, 652221, 'K2', 'K2', 68.33),
(300, 228762, 'K1', 'K1', 8),
(301, 228762, 'K2', 'K2', 0),
(302, 228762, 'K3', 'K3', 0);

-- --------------------------------------------------------

--
-- Struktur dari tabel `hasil_nb`
--

CREATE TABLE `hasil_nb` (
  `id_hasil_nb` int(11) NOT NULL,
  `id_hasil` int(11) DEFAULT NULL,
  `kode_kriteria` varchar(25) DEFAULT NULL,
  `kriteria` varchar(30) NOT NULL,
  `bobot` double DEFAULT NULL
) ENGINE=InnoDB DEFAULT CHARSET=utf8mb4;

--
-- Dumping data untuk tabel `hasil_nb`
--

INSERT INTO `hasil_nb` (`id_hasil_nb`, `id_hasil`, `kode_kriteria`, `kriteria`, `bobot`) VALUES
(149, 467936, 'K4', 'K4', 80),
(150, 467936, 'K2', 'K2', 49.23),
(151, 467936, 'K6', 'K6', 40),
(152, 25166, 'K6', 'K6', 80),
(153, 25166, 'K2', 'K2', 60),
(154, 25166, 'K1', 'K1', 40),
(158, 247904, 'K4', 'K4', 80),
(159, 247904, 'K7', 'K7', 50),
(160, 247904, 'K8', 'K8', 40),
(161, 168880, 'K8', 'K8', 55.45),
(162, 168880, 'K1', 'K1', 40),
(163, 168880, 'K3', 'K3', 40),
(164, 855381, 'K4', 'K4', 74),
(165, 855381, 'K6', 'K6', 64.33),
(166, 855381, 'K3', 'K3', 60),
(167, 743424, 'K1', 'K1', 0),
(168, 743424, 'K2', 'K2', 0),
(169, 743424, 'K3', 'K3', 0),
(170, 352701, 'K1', 'K1', 0),
(171, 352701, 'K2', 'K2', 0),
(172, 352701, 'K3', 'K3', 0),
(173, 468563, 'K8', 'K8', 55.45),
(174, 468563, 'K1', 'K1', 40),
(175, 468563, 'K3', 'K3', 40),
(185, 569042, 'K4', 'K4', 74),
(186, 569042, 'K3', 'K3', 60),
(187, 569042, 'K1', 'K1', 55.45),
(188, 359944, 'K4', 'K4', 80),
(189, 359944, 'K2', 'K2', 49.23),
(190, 359944, 'K6', 'K6', 40),
(191, 343960, 'K6', 'K6', 80),
(192, 343960, 'K2', 'K2', 60),
(193, 343960, 'K1', 'K1', 40),
(194, 300859, 'K4', 'K4', 45.26),
(195, 300859, 'K2', 'K2', 40),
(196, 300859, 'K7', 'K7', 37.65),
(197, 956063, 'K4', 'K4', 80),
(198, 956063, 'K7', 'K7', 50),
(199, 956063, 'K8', 'K8', 40),
(200, 484080, 'K8', 'K8', 55.45),
(201, 484080, 'K1', 'K1', 40),
(202, 484080, 'K3', 'K3', 40),
(206, 910227, 'K1', 'K1', 0),
(207, 910227, 'K2', 'K2', 0),
(208, 910227, 'K3', 'K3', 0),
(212, 572274, 'K1', 'K1', 0),
(213, 572274, 'K2', 'K2', 0),
(214, 572274, 'K3', 'K3', 0),
(215, 137651, 'K6', 'K6', 72.11),
(216, 137651, 'K4', 'K4', 61.88),
(217, 137651, 'K2', 'K2', 50),
(218, 308171, 'K5', 'K5', 60.95),
(219, 308171, 'K2', 'K2', 56.77),
(220, 308171, 'K3', 'K3', 52),
(221, 652221, 'K4', 'K4', 60.91),
(222, 652221, 'K2', 'K2', 52.8),
(223, 652221, 'K8', 'K8', 50),
(224, 228762, 'K1', 'K1', 20),
(225, 228762, 'K2', 'K2', 0),
(226, 228762, 'K3', 'K3', 0);

-- --------------------------------------------------------

--
-- Struktur dari tabel `jawaban`
--

CREATE TABLE `jawaban` (
  `id_jawaban` int(11) NOT NULL,
  `id_user` int(11) DEFAULT NULL,
  `nama` varchar(100) DEFAULT NULL,
  `usia` int(11) DEFAULT NULL,
  `id_pertanyaan` int(11) DEFAULT NULL,
  `id_kriteria` int(11) DEFAULT NULL,
  `id_gejala` int(11) DEFAULT NULL,
  `kode_gejala` varchar(25) NOT NULL,
  `cf_user` float DEFAULT NULL,
  `sesi` int(11) NOT NULL,
  `tanggal` date DEFAULT curdate()
) ENGINE=InnoDB DEFAULT CHARSET=utf8mb4;

--
-- Dumping data untuk tabel `jawaban`
--

INSERT INTO `jawaban` (`id_jawaban`, `id_user`, `nama`, `usia`, `id_pertanyaan`, `id_kriteria`, `id_gejala`, `kode_gejala`, `cf_user`, `sesi`, `tanggal`) VALUES
(93, 3, 'Velya', 22, 5, 1, 4, 'G1', 1, 1, '2023-07-29'),
(94, 3, 'Velya', 22, 9, 1, 5, 'G2', 0.5, 1, '2023-07-29'),
(95, 3, 'Velya', 22, 10, 1, 6, 'G3', 0.5, 1, '2023-07-29'),
(96, 3, 'Velya', 22, 11, 1, 7, 'G4', 0.5, 1, '2023-07-29'),
(97, 3, 'Velya', 22, 12, 1, 8, 'G5', 1, 1, '2023-07-29'),
(98, 3, 'Velya', 22, 13, 2, 10, 'G6', 1, 1, '2023-07-29'),
(99, 3, 'Velya', 22, 14, 2, 11, 'G7', 0, 1, '2023-07-29'),
(100, 3, 'Velya', 22, 15, 2, 12, 'G8', 0.5, 1, '2023-07-29'),
(101, 3, 'Velya', 22, 16, 2, 13, 'G9', 0, 1, '2023-07-29'),
(102, 3, 'Velya', 22, 18, 3, 14, 'G10', 0, 1, '2023-07-29'),
(103, 3, 'Velya', 22, 19, 3, 15, 'G11', 0, 1, '2023-07-29'),
(104, 3, 'Velya', 22, 20, 4, 16, 'G12', 0.5, 1, '2023-07-29'),
(105, 3, 'Velya', 22, 21, 4, 17, 'G13', 0.5, 1, '2023-07-29'),
(106, 3, 'Velya', 22, 22, 4, 20, 'G14', 0.5, 1, '2023-07-29'),
(107, 3, 'Velya', 22, 23, 4, 21, 'G15', 0.5, 1, '2023-07-29'),
(108, 3, 'Velya', 22, 24, 5, 22, 'G16', 0.5, 1, '2023-07-29'),
(109, 3, 'Velya', 22, 25, 5, 23, 'G17', 0, 1, '2023-07-29'),
(110, 3, 'Velya', 22, 26, 5, 24, 'G18', 0, 1, '2023-07-29'),
(111, 3, 'Velya', 22, 27, 5, 25, 'G19', 0, 1, '2023-07-29'),
(112, 3, 'Velya', 22, 28, 6, 26, 'G20', 0, 1, '2023-07-29'),
(113, 3, 'Velya', 22, 29, 6, 27, 'G21', 0, 1, '2023-07-29'),
(114, 3, 'Velya', 22, 30, 6, 28, 'G22', 0, 1, '2023-07-29'),
(115, 3, 'Velya', 22, 31, 6, 29, 'G23', 0.5, 1, '2023-07-29'),
(116, 3, 'Velya', 22, 32, 7, 30, 'G24', 0.5, 1, '2023-07-29'),
(117, 3, 'Velya', 22, 33, 7, 31, 'G25', 0.5, 1, '2023-07-29'),
(118, 3, 'Velya', 22, 34, 7, 32, 'G26', 0, 1, '2023-07-29'),
(119, 3, 'Velya', 22, 35, 9, 33, 'G27', 0.5, 1, '2023-07-29'),
(120, 3, 'Velya', 22, 36, 9, 34, 'G28', 1, 1, '2023-07-29'),
(121, 3, 'Velya', 22, 37, 7, 35, 'G29', 0.5, 1, '2023-07-29'),
(122, 3, 'Velya', 22, 38, 9, 36, 'G30', 0.5, 1, '2023-07-29'),
(3429, 4, 'Andika Lubis', 24, 5, 1, 4, 'G1', 0.7, 1, '2023-08-30'),
(3430, 4, 'Andika Lubis', 24, 9, 1, 5, 'G2', 0.4, 1, '2023-08-30'),
(3431, 4, 'Andika Lubis', 24, 10, 1, 6, 'G3', 0, 1, '2023-08-30'),
(3432, 4, 'Andika Lubis', 24, 11, 1, 7, 'G4', 0.7, 1, '2023-08-30'),
(3433, 4, 'Andika Lubis', 24, 12, 1, 8, 'G5', 0, 1, '2023-08-30'),
(3434, 4, 'Andika Lubis', 24, 13, 2, 10, 'G6', 0.4, 1, '2023-08-30'),
(3435, 4, 'Andika Lubis', 24, 14, 2, 11, 'G7', 1, 1, '2023-08-30'),
(3436, 4, 'Andika Lubis', 24, 15, 2, 12, 'G8', 0.7, 1, '2023-08-30'),
(3437, 4, 'Andika Lubis', 24, 16, 2, 13, 'G9', 0.4, 1, '2023-08-30'),
(3438, 4, 'Andika Lubis', 24, 18, 3, 14, 'G10', 0.4, 1, '2023-08-30'),
(3439, 4, 'Andika Lubis', 24, 19, 3, 15, 'G11', 0, 1, '2023-08-30'),
(3440, 4, 'Andika Lubis', 24, 20, 4, 16, 'G12', 0, 1, '2023-08-30'),
(3441, 4, 'Andika Lubis', 24, 21, 4, 17, 'G13', 0.4, 1, '2023-08-30'),
(3442, 4, 'Andika Lubis', 24, 22, 4, 20, 'G14', 0.7, 1, '2023-08-30'),
(3443, 4, 'Andika Lubis', 24, 23, 4, 21, 'G15', 0, 1, '2023-08-30'),
(3444, 4, 'Andika Lubis', 24, 24, 5, 22, 'G16', 0, 1, '2023-08-30'),
(3445, 4, 'Andika Lubis', 24, 25, 5, 23, 'G17', 0.4, 1, '2023-08-30'),
(3446, 4, 'Andika Lubis', 24, 26, 5, 24, 'G18', 0.7, 1, '2023-08-30'),
(3447, 4, 'Andika Lubis', 24, 27, 5, 25, 'G19', 0.4, 1, '2023-08-30'),
(3448, 4, 'Andika Lubis', 24, 28, 6, 26, 'G20', 0.4, 1, '2023-08-30'),
(3449, 4, 'Andika Lubis', 24, 29, 6, 27, 'G21', 0, 1, '2023-08-30'),
(3450, 4, 'Andika Lubis', 24, 30, 6, 28, 'G22', 0.4, 1, '2023-08-30'),
(3451, 4, 'Andika Lubis', 24, 31, 6, 29, 'G23', 0, 1, '2023-08-30'),
(3452, 4, 'Andika Lubis', 24, 32, 7, 30, 'G24', 0.4, 1, '2023-08-30'),
(3453, 4, 'Andika Lubis', 24, 33, 7, 31, 'G25', 0.7, 1, '2023-08-30'),
(3454, 4, 'Andika Lubis', 24, 34, 7, 32, 'G26', 1, 1, '2023-08-30'),
(3455, 4, 'Andika Lubis', 24, 35, 9, 33, 'G27', 0.4, 1, '2023-08-30'),
(3456, 4, 'Andika Lubis', 24, 36, 9, 34, 'G28', 0, 1, '2023-08-30'),
(3457, 4, 'Andika Lubis', 24, 37, 7, 35, 'G29', 0.4, 1, '2023-08-30'),
(3458, 4, 'Andika Lubis', 24, 38, 9, 36, 'G30', 0.7, 1, '2023-08-30'),
(3459, 4, 'Andika Lubis', 24, 5, 1, 4, 'G1', 0.7, 2, '2023-08-30'),
(3460, 4, 'Andika Lubis', 24, 9, 1, 5, 'G2', 0.4, 2, '2023-08-30'),
(3461, 4, 'Andika Lubis', 24, 10, 1, 6, 'G3', 0, 2, '2023-08-30'),
(3462, 4, 'Andika Lubis', 24, 11, 1, 7, 'G4', 0.7, 2, '2023-08-30'),
(3463, 4, 'Andika Lubis', 24, 12, 1, 8, 'G5', 0, 2, '2023-08-30'),
(3464, 4, 'Andika Lubis', 24, 13, 2, 10, 'G6', 0.4, 2, '2023-08-30'),
(3465, 4, 'Andika Lubis', 24, 14, 2, 11, 'G7', 1, 2, '2023-08-30'),
(3466, 4, 'Andika Lubis', 24, 15, 2, 12, 'G8', 0.7, 2, '2023-08-30'),
(3467, 4, 'Andika Lubis', 24, 16, 2, 13, 'G9', 0.4, 2, '2023-08-30'),
(3468, 4, 'Andika Lubis', 24, 18, 3, 14, 'G10', 0.4, 2, '2023-08-30'),
(3469, 4, 'Andika Lubis', 24, 19, 3, 15, 'G11', 0, 2, '2023-08-30'),
(3470, 4, 'Andika Lubis', 24, 20, 4, 16, 'G12', 0, 2, '2023-08-30'),
(3471, 4, 'Andika Lubis', 24, 21, 4, 17, 'G13', 0.4, 2, '2023-08-30'),
(3472, 4, 'Andika Lubis', 24, 22, 4, 20, 'G14', 0.7, 2, '2023-08-30'),
(3473, 4, 'Andika Lubis', 24, 23, 4, 21, 'G15', 0, 2, '2023-08-30'),
(3474, 4, 'Andika Lubis', 24, 24, 5, 22, 'G16', 0, 2, '2023-08-30'),
(3475, 4, 'Andika Lubis', 24, 25, 5, 23, 'G17', 0.4, 2, '2023-08-30'),
(3476, 4, 'Andika Lubis', 24, 26, 5, 24, 'G18', 0.7, 2, '2023-08-30'),
(3477, 4, 'Andika Lubis', 24, 27, 5, 25, 'G19', 0.4, 2, '2023-08-30'),
(3478, 4, 'Andika Lubis', 24, 28, 6, 26, 'G20', 0.4, 2, '2023-08-30'),
(3479, 4, 'Andika Lubis', 24, 29, 6, 27, 'G21', 0, 2, '2023-08-30'),
(3480, 4, 'Andika Lubis', 24, 30, 6, 28, 'G22', 0.4, 2, '2023-08-30'),
(3481, 4, 'Andika Lubis', 24, 31, 6, 29, 'G23', 0, 2, '2023-08-30'),
(3482, 4, 'Andika Lubis', 24, 32, 7, 30, 'G24', 0.4, 2, '2023-08-30'),
(3483, 4, 'Andika Lubis', 24, 33, 7, 31, 'G25', 0.7, 2, '2023-08-30'),
(3484, 4, 'Andika Lubis', 24, 34, 7, 32, 'G26', 1, 2, '2023-08-30'),
(3485, 4, 'Andika Lubis', 24, 35, 9, 33, 'G27', 0.4, 2, '2023-08-30'),
(3486, 4, 'Andika Lubis', 24, 36, 9, 34, 'G28', 0, 2, '2023-08-30'),
(3487, 4, 'Andika Lubis', 24, 37, 7, 35, 'G29', 0.4, 2, '2023-08-30'),
(3488, 4, 'Andika Lubis', 24, 38, 9, 36, 'G30', 0.7, 2, '2023-08-30'),
(3489, 4, '', 0, 5, 1, 4, 'G1', 0.7, 3, '2023-08-30'),
(3490, 4, '', 0, 9, 1, 5, 'G2', 0.4, 3, '2023-08-30'),
(3491, 4, '', 0, 10, 1, 6, 'G3', 1, 3, '2023-08-30'),
(3492, 4, '', 0, 11, 1, 7, 'G4', 0, 3, '2023-08-30'),
(3493, 4, '', 0, 12, 1, 8, 'G5', 0.7, 3, '2023-08-30'),
(3494, 4, '', 0, 13, 2, 10, 'G6', 0.4, 3, '2023-08-30'),
(3495, 4, '', 0, 14, 2, 11, 'G7', 0.4, 3, '2023-08-30'),
(3496, 4, '', 0, 15, 2, 12, 'G8', 0, 3, '2023-08-30'),
(3497, 4, '', 0, 16, 2, 13, 'G9', 0, 3, '2023-08-30'),
(3498, 4, '', 0, 18, 3, 14, 'G10', 0.4, 3, '2023-08-30'),
(3499, 4, '', 0, 19, 3, 15, 'G11', 0.4, 3, '2023-08-30'),
(3500, 4, '', 0, 20, 4, 16, 'G12', 1, 3, '2023-08-30'),
(3501, 4, '', 0, 21, 4, 17, 'G13', 1, 3, '2023-08-30'),
(3502, 4, '', 0, 22, 4, 20, 'G14', 0.4, 3, '2023-08-30'),
(3503, 4, '', 0, 23, 4, 21, 'G15', 0, 3, '2023-08-30'),
(3504, 4, '', 0, 24, 5, 22, 'G16', 0.4, 3, '2023-08-30'),
(3505, 4, '', 0, 25, 5, 23, 'G17', 0.4, 3, '2023-08-30'),
(3506, 4, '', 0, 26, 5, 24, 'G18', 1, 3, '2023-08-30'),
(3507, 4, '', 0, 27, 5, 25, 'G19', 0.7, 3, '2023-08-30'),
(3508, 4, '', 0, 28, 6, 26, 'G20', 0.7, 3, '2023-08-30'),
(3509, 4, '', 0, 29, 6, 27, 'G21', 1, 3, '2023-08-30'),
(3510, 4, '', 0, 30, 6, 28, 'G22', 0.7, 3, '2023-08-30'),
(3511, 4, '', 0, 31, 6, 29, 'G23', 0.4, 3, '2023-08-30'),
(3512, 4, '', 0, 32, 7, 30, 'G24', 0.4, 3, '2023-08-30'),
(3513, 4, '', 0, 33, 7, 31, 'G25', 0, 3, '2023-08-30'),
(3514, 4, '', 0, 34, 7, 32, 'G26', 0.4, 3, '2023-08-30'),
(3515, 4, '', 0, 35, 9, 33, 'G27', 0, 3, '2023-08-30'),
(3516, 4, '', 0, 36, 9, 34, 'G28', 0, 3, '2023-08-30'),
(3517, 4, '', 0, 37, 7, 35, 'G29', 1, 3, '2023-08-30'),
(3518, 4, '', 0, 38, 9, 36, 'G30', 0.4, 3, '2023-08-30'),
(3519, 4, 'Budi Setiawan', 20, 5, 1, 4, 'G1', 0.7, 4, '2023-08-30'),
(3520, 4, 'Budi Setiawan', 20, 9, 1, 5, 'G2', 0.4, 4, '2023-08-30'),
(3521, 4, 'Budi Setiawan', 20, 10, 1, 6, 'G3', 0, 4, '2023-08-30'),
(3522, 4, 'Budi Setiawan', 20, 11, 1, 7, 'G4', 0.4, 4, '2023-08-30'),
(3523, 4, 'Budi Setiawan', 20, 12, 1, 8, 'G5', 0.7, 4, '2023-08-30'),
(3524, 4, 'Budi Setiawan', 20, 13, 2, 10, 'G6', 0, 4, '2023-08-30'),
(3525, 4, 'Budi Setiawan', 20, 14, 2, 11, 'G7', 0.7, 4, '2023-08-30'),
(3526, 4, 'Budi Setiawan', 20, 15, 2, 12, 'G8', 0.4, 4, '2023-08-30'),
(3527, 4, 'Budi Setiawan', 20, 16, 2, 13, 'G9', 0.4, 4, '2023-08-30'),
(3528, 4, 'Budi Setiawan', 20, 18, 3, 14, 'G10', 0, 4, '2023-08-30'),
(3529, 4, 'Budi Setiawan', 20, 19, 3, 15, 'G11', 0.7, 4, '2023-08-30'),
(3530, 4, 'Budi Setiawan', 20, 20, 4, 16, 'G12', 0, 4, '2023-08-30'),
(3531, 4, 'Budi Setiawan', 20, 21, 4, 17, 'G13', 0, 4, '2023-08-30'),
(3532, 4, 'Budi Setiawan', 20, 22, 4, 20, 'G14', 0.7, 4, '2023-08-30'),
(3533, 4, 'Budi Setiawan', 20, 23, 4, 21, 'G15', 0.4, 4, '2023-08-30'),
(3534, 4, 'Budi Setiawan', 20, 24, 5, 22, 'G16', 0, 4, '2023-08-30'),
(3535, 4, 'Budi Setiawan', 20, 25, 5, 23, 'G17', 0, 4, '2023-08-30'),
(3536, 4, 'Budi Setiawan', 20, 26, 5, 24, 'G18', 0.4, 4, '2023-08-30'),
(3537, 4, 'Budi Setiawan', 20, 27, 5, 25, 'G19', 0.4, 4, '2023-08-30'),
(3538, 4, 'Budi Setiawan', 20, 28, 6, 26, 'G20', 0.7, 4, '2023-08-30'),
(3539, 4, 'Budi Setiawan', 20, 29, 6, 27, 'G21', 0, 4, '2023-08-30'),
(3540, 4, 'Budi Setiawan', 20, 30, 6, 28, 'G22', 0.4, 4, '2023-08-30'),
(3541, 4, 'Budi Setiawan', 20, 31, 6, 29, 'G23', 0, 4, '2023-08-30'),
(3542, 4, 'Budi Setiawan', 20, 32, 7, 30, 'G24', 0.4, 4, '2023-08-30'),
(3543, 4, 'Budi Setiawan', 20, 33, 7, 31, 'G25', 0, 4, '2023-08-30'),
(3544, 4, 'Budi Setiawan', 20, 34, 7, 32, 'G26', 0.4, 4, '2023-08-30'),
(3545, 4, 'Budi Setiawan', 20, 35, 9, 33, 'G27', 1, 4, '2023-08-30'),
(3546, 4, 'Budi Setiawan', 20, 36, 9, 34, 'G28', 0.7, 4, '2023-08-30'),
(3547, 4, 'Budi Setiawan', 20, 37, 7, 35, 'G29', 0.7, 4, '2023-08-30'),
(3548, 4, 'Budi Setiawan', 20, 38, 9, 36, 'G30', 0.7, 4, '2023-08-30'),
(3549, 4, 'Muhammad', 20, 5, 1, 4, 'G1', 1, 5, '2023-09-04'),
(3550, 4, 'Muhammad', 20, 9, 1, 5, 'G2', 1, 5, '2023-09-04'),
(3551, 4, 'Muhammad', 20, 10, 1, 6, 'G3', 1, 5, '2023-09-04'),
(3552, 4, 'Muhammad', 20, 11, 1, 7, 'G4', 1, 5, '2023-09-04'),
(3553, 4, 'Muhammad', 20, 12, 1, 8, 'G5', 1, 5, '2023-09-04'),
(3554, 4, 'Muhammad', 20, 13, 2, 10, 'G6', 0.4, 5, '2023-09-04'),
(3555, 4, 'Muhammad', 20, 14, 2, 11, 'G7', 0, 5, '2023-09-04'),
(3556, 4, 'Muhammad', 20, 15, 2, 12, 'G8', 0.4, 5, '2023-09-04'),
(3557, 4, 'Muhammad', 20, 16, 2, 13, 'G9', 0.7, 5, '2023-09-04'),
(3558, 4, 'Muhammad', 20, 18, 3, 14, 'G10', 0, 5, '2023-09-04'),
(3559, 4, 'Muhammad', 20, 19, 3, 15, 'G11', 0, 5, '2023-09-04'),
(3560, 4, 'Muhammad', 20, 20, 4, 16, 'G12', 1, 5, '2023-09-04'),
(3561, 4, 'Muhammad', 20, 21, 4, 17, 'G13', 0, 5, '2023-09-04'),
(3562, 4, 'Muhammad', 20, 22, 4, 20, 'G14', 0, 5, '2023-09-04'),
(3563, 4, 'Muhammad', 20, 23, 4, 21, 'G15', 0.4, 5, '2023-09-04'),
(3564, 4, 'Muhammad', 20, 24, 5, 22, 'G16', 0, 5, '2023-09-04'),
(3565, 4, 'Muhammad', 20, 25, 5, 23, 'G17', 0, 5, '2023-09-04'),
(3566, 4, 'Muhammad', 20, 26, 5, 24, 'G18', 0.4, 5, '2023-09-04'),
(3567, 4, 'Muhammad', 20, 27, 5, 25, 'G19', 0, 5, '2023-09-04'),
(3568, 4, 'Muhammad', 20, 28, 6, 26, 'G20', 0, 5, '2023-09-04'),
(3569, 4, 'Muhammad', 20, 29, 6, 27, 'G21', 0, 5, '2023-09-04'),
(3570, 4, 'Muhammad', 20, 30, 6, 28, 'G22', 0, 5, '2023-09-04'),
(3571, 4, 'Muhammad', 20, 31, 6, 29, 'G23', 0, 5, '2023-09-04'),
(3572, 4, 'Muhammad', 20, 32, 7, 30, 'G24', 0, 5, '2023-09-04'),
(3573, 4, 'Muhammad', 20, 33, 7, 31, 'G25', 0.4, 5, '2023-09-04'),
(3574, 4, 'Muhammad', 20, 34, 7, 32, 'G26', 0, 5, '2023-09-04'),
(3575, 4, 'Muhammad', 20, 35, 9, 33, 'G27', 0, 5, '2023-09-04'),
(3576, 4, 'Muhammad', 20, 36, 9, 34, 'G28', 0, 5, '2023-09-04'),
(3577, 4, 'Muhammad', 20, 37, 7, 35, 'G29', 0, 5, '2023-09-04'),
(3578, 4, 'Muhammad', 20, 38, 9, 36, 'G30', 0.4, 5, '2023-09-04'),
(4238, 4, '', 0, 5, 1, 4, 'G1', 0, 6, '2023-09-26'),
(4239, 4, '', 0, 9, 1, 5, 'G2', 0, 6, '2023-09-26'),
(4240, 4, '', 0, 10, 1, 6, 'G3', 0, 6, '2023-09-26'),
(4241, 4, '', 0, 11, 1, 7, 'G4', 0, 6, '2023-09-26'),
(4242, 4, '', 0, 12, 1, 8, 'G5', 0, 6, '2023-09-26'),
(4243, 4, '', 0, 13, 2, 10, 'G6', 0, 6, '2023-09-26'),
(4244, 4, '', 0, 14, 2, 11, 'G7', 0, 6, '2023-09-26'),
(4245, 4, '', 0, 15, 2, 12, 'G8', 0, 6, '2023-09-26'),
(4246, 4, '', 0, 16, 2, 13, 'G9', 0, 6, '2023-09-26'),
(4247, 4, '', 0, 18, 3, 14, 'G10', 0, 6, '2023-09-26'),
(4248, 4, '', 0, 19, 3, 15, 'G11', 0, 6, '2023-09-26'),
(4249, 4, '', 0, 20, 4, 16, 'G12', 0, 6, '2023-09-26'),
(4250, 4, '', 0, 21, 4, 17, 'G13', 0.7, 6, '2023-09-26'),
(4251, 4, '', 0, 22, 4, 20, 'G14', 0.4, 6, '2023-09-26'),
(4252, 4, '', 0, 23, 4, 21, 'G15', 0, 6, '2023-09-26'),
(4253, 4, '', 0, 24, 5, 22, 'G16', 0, 6, '2023-09-26'),
(4254, 4, '', 0, 25, 5, 23, 'G17', 0, 6, '2023-09-26'),
(4255, 4, '', 0, 26, 5, 24, 'G18', 0, 6, '2023-09-26'),
(4256, 4, '', 0, 27, 5, 25, 'G19', 0, 6, '2023-09-26'),
(4257, 4, '', 0, 28, 6, 26, 'G20', 0, 6, '2023-09-26'),
(4258, 4, '', 0, 29, 6, 27, 'G21', 0, 6, '2023-09-26'),
(4259, 4, '', 0, 30, 6, 28, 'G22', 0, 6, '2023-09-26'),
(4260, 4, '', 0, 31, 6, 29, 'G23', 0, 6, '2023-09-26'),
(4261, 4, '', 0, 32, 7, 30, 'G24', 0, 6, '2023-09-26'),
(4262, 4, '', 0, 33, 7, 31, 'G25', 0, 6, '2023-09-26'),
(4263, 4, '', 0, 34, 7, 32, 'G26', 0, 6, '2023-09-26'),
(4264, 4, '', 0, 35, 9, 33, 'G27', 0, 6, '2023-09-26'),
(4265, 4, '', 0, 36, 9, 34, 'G28', 0, 6, '2023-09-26'),
(4266, 4, '', 0, 37, 7, 35, 'G29', 0, 6, '2023-09-26'),
(4267, 4, '', 0, 38, 9, 36, 'G30', 0, 6, '2023-09-26'),
(4268, 4, 'Muh Fadilah', 20, 5, 1, 4, 'G1', 0.7, 7, '2023-09-29'),
(4269, 4, 'Muh Fadilah', 20, 9, 1, 5, 'G2', 0.7, 7, '2023-09-29'),
(4270, 4, 'Muh Fadilah', 20, 10, 1, 6, 'G3', 0, 7, '2023-09-29'),
(4271, 4, 'Muh Fadilah', 20, 11, 1, 7, 'G4', 0, 7, '2023-09-29'),
(4272, 4, 'Muh Fadilah', 20, 12, 1, 8, 'G5', 0, 7, '2023-09-29'),
(4273, 4, 'Muh Fadilah', 20, 13, 2, 10, 'G6', 0, 7, '2023-09-29'),
(4274, 4, 'Muh Fadilah', 20, 14, 2, 11, 'G7', 0, 7, '2023-09-29'),
(4275, 4, 'Muh Fadilah', 20, 15, 2, 12, 'G8', 0.7, 7, '2023-09-29'),
(4276, 4, 'Muh Fadilah', 20, 16, 2, 13, 'G9', 0.7, 7, '2023-09-29'),
(4277, 4, 'Muh Fadilah', 20, 18, 3, 14, 'G10', 0.7, 7, '2023-09-29'),
(4278, 4, 'Muh Fadilah', 20, 19, 3, 15, 'G11', 0, 7, '2023-09-29'),
(4279, 4, 'Muh Fadilah', 20, 20, 4, 16, 'G12', 0, 7, '2023-09-29'),
(4280, 4, 'Muh Fadilah', 20, 21, 4, 17, 'G13', 0.7, 7, '2023-09-29'),
(4281, 4, 'Muh Fadilah', 20, 22, 4, 20, 'G14', 0.4, 7, '2023-09-29'),
(4282, 4, 'Muh Fadilah', 20, 23, 4, 21, 'G15', 0.7, 7, '2023-09-29'),
(4283, 4, 'Muh Fadilah', 20, 24, 5, 22, 'G16', 0.7, 7, '2023-09-29'),
(4284, 4, 'Muh Fadilah', 20, 25, 5, 23, 'G17', 0.7, 7, '2023-09-29'),
(4285, 4, 'Muh Fadilah', 20, 26, 5, 24, 'G18', 0, 7, '2023-09-29'),
(4286, 4, 'Muh Fadilah', 20, 27, 5, 25, 'G19', 0, 7, '2023-09-29'),
(4287, 4, 'Muh Fadilah', 20, 28, 6, 26, 'G20', 0, 7, '2023-09-29'),
(4288, 4, 'Muh Fadilah', 20, 29, 6, 27, 'G21', 0.7, 7, '2023-09-29'),
(4289, 4, 'Muh Fadilah', 20, 30, 6, 28, 'G22', 0.7, 7, '2023-09-29'),
(4290, 4, 'Muh Fadilah', 20, 33, 7, 31, 'G25', 0.7, 7, '2023-09-29'),
(4291, 4, 'Muh Fadilah', 20, 34, 7, 32, 'G26', 0, 7, '2023-09-29'),
(4292, 4, 'Muh Fadilah', 20, 35, 9, 33, 'G27', 0.7, 7, '2023-09-29'),
(4293, 4, 'Muh Fadilah', 20, 36, 9, 34, 'G28', 0, 7, '2023-09-29'),
(4294, 4, 'Muh Fadilah', 20, 37, 7, 35, 'G29', 0, 7, '2023-09-29'),
(4295, 4, 'Muh Fadilah', 20, 38, 9, 36, 'G30', 0, 7, '2023-09-29'),
(4296, 4, 'Muh Fadilah', 20, 5, 1, 4, 'G1', 0.7, 8, '2023-09-29'),
(4297, 4, 'Muh Fadilah', 20, 9, 1, 5, 'G2', 0.7, 8, '2023-09-29'),
(4298, 4, 'Muh Fadilah', 20, 10, 1, 6, 'G3', 0, 8, '2023-09-29'),
(4299, 4, 'Muh Fadilah', 20, 11, 1, 7, 'G4', 0, 8, '2023-09-29'),
(4300, 4, 'Muh Fadilah', 20, 12, 1, 8, 'G5', 0, 8, '2023-09-29'),
(4301, 4, 'Muh Fadilah', 20, 13, 2, 10, 'G6', 0, 8, '2023-09-29'),
(4302, 4, 'Muh Fadilah', 20, 14, 2, 11, 'G7', 0, 8, '2023-09-29'),
(4303, 4, 'Muh Fadilah', 20, 15, 2, 12, 'G8', 0.7, 8, '2023-09-29'),
(4304, 4, 'Muh Fadilah', 20, 16, 2, 13, 'G9', 0.7, 8, '2023-09-29'),
(4305, 4, 'Muh Fadilah', 20, 18, 3, 14, 'G10', 0.7, 8, '2023-09-29'),
(4306, 4, 'Muh Fadilah', 20, 19, 3, 15, 'G11', 0, 8, '2023-09-29'),
(4307, 4, 'Muh Fadilah', 20, 20, 4, 16, 'G12', 0, 8, '2023-09-29'),
(4308, 4, 'Muh Fadilah', 20, 21, 4, 17, 'G13', 0.7, 8, '2023-09-29'),
(4309, 4, 'Muh Fadilah', 20, 22, 4, 20, 'G14', 0.4, 8, '2023-09-29'),
(4310, 4, 'Muh Fadilah', 20, 23, 4, 21, 'G15', 0.7, 8, '2023-09-29'),
(4311, 4, 'Muh Fadilah', 20, 24, 5, 22, 'G16', 0, 8, '2023-09-29'),
(4312, 4, 'Muh Fadilah', 20, 25, 5, 23, 'G17', 0.7, 8, '2023-09-29'),
(4313, 4, 'Muh Fadilah', 20, 26, 5, 24, 'G18', 0, 8, '2023-09-29'),
(4314, 4, 'Muh Fadilah', 20, 27, 5, 25, 'G19', 0, 8, '2023-09-29'),
(4315, 4, 'Muh Fadilah', 20, 28, 6, 26, 'G20', 0, 8, '2023-09-29'),
(4316, 4, 'Muh Fadilah', 20, 29, 6, 27, 'G21', 0.7, 8, '2023-09-29'),
(4317, 4, 'Muh Fadilah', 20, 30, 6, 28, 'G22', 0.7, 8, '2023-09-29'),
(4318, 4, 'Muh Fadilah', 20, 31, 6, 29, 'G23', 0, 8, '2023-09-29'),
(4319, 4, 'Muh Fadilah', 20, 32, 7, 30, 'G24', 0, 8, '2023-09-29'),
(4320, 4, 'Muh Fadilah', 20, 33, 7, 31, 'G25', 0.7, 8, '2023-09-29'),
(4321, 4, 'Muh Fadilah', 20, 34, 7, 32, 'G26', 0, 8, '2023-09-29'),
(4322, 4, 'Muh Fadilah', 20, 35, 9, 33, 'G27', 0.7, 8, '2023-09-29'),
(4323, 4, 'Muh Fadilah', 20, 36, 9, 34, 'G28', 0, 8, '2023-09-29'),
(4324, 4, 'Muh Fadilah', 20, 37, 7, 35, 'G29', 0, 8, '2023-09-29'),
(4325, 4, 'Muh Fadilah', 20, 38, 9, 36, 'G30', 0, 8, '2023-09-29'),
(4326, 4, 'velya II', 20, 5, 1, 4, 'G1', 0.7, 9, '2023-10-07'),
(4327, 4, 'velya II', 20, 9, 1, 5, 'G2', 0.7, 9, '2023-10-07'),
(4328, 4, 'velya II', 20, 10, 1, 6, 'G3', 0, 9, '2023-10-07'),
(4329, 4, 'velya II', 20, 11, 1, 7, 'G4', 0, 9, '2023-10-07'),
(4330, 4, 'velya II', 20, 12, 1, 8, 'G5', 0, 9, '2023-10-07'),
(4331, 4, 'velya II', 20, 13, 2, 10, 'G6', 0, 9, '2023-10-07'),
(4332, 4, 'velya II', 20, 14, 2, 11, 'G7', 0, 9, '2023-10-07'),
(4333, 4, 'velya II', 20, 15, 2, 12, 'G8', 0.7, 9, '2023-10-07'),
(4334, 4, 'velya II', 20, 16, 2, 13, 'G9', 0.7, 9, '2023-10-07'),
(4335, 4, 'velya II', 20, 18, 3, 14, 'G10', 0.7, 9, '2023-10-07'),
(4336, 4, 'velya II', 20, 19, 3, 15, 'G11', 0, 9, '2023-10-07'),
(4337, 4, 'velya II', 20, 20, 4, 16, 'G12', 0, 9, '2023-10-07'),
(4338, 4, 'velya II', 20, 21, 4, 17, 'G13', 0.7, 9, '2023-10-07'),
(4339, 4, 'velya II', 20, 22, 4, 20, 'G14', 0.4, 9, '2023-10-07'),
(4340, 4, 'velya II', 20, 23, 4, 21, 'G15', 0.7, 9, '2023-10-07'),
(4341, 4, 'velya II', 20, 24, 5, 22, 'G16', 0, 9, '2023-10-07'),
(4342, 4, 'velya II', 20, 25, 5, 23, 'G17', 0.7, 9, '2023-10-07'),
(4343, 4, 'velya II', 20, 26, 5, 24, 'G18', 0, 9, '2023-10-07'),
(4344, 4, 'velya II', 20, 27, 5, 25, 'G19', 0, 9, '2023-10-07'),
(4345, 4, 'velya II', 20, 28, 6, 26, 'G20', 0, 9, '2023-10-07'),
(4346, 4, 'velya II', 20, 29, 6, 27, 'G21', 0.7, 9, '2023-10-07'),
(4347, 4, 'velya II', 20, 30, 6, 28, 'G22', 0.7, 9, '2023-10-07'),
(4348, 4, 'velya II', 20, 31, 6, 29, 'G23', 0, 9, '2023-10-07'),
(4349, 4, 'velya II', 20, 32, 7, 30, 'G24', 0, 9, '2023-10-07'),
(4350, 4, 'velya II', 20, 33, 7, 31, 'G25', 0.7, 9, '2023-10-07'),
(4351, 4, 'velya II', 20, 34, 7, 32, 'G26', 0, 9, '2023-10-07'),
(4352, 4, 'velya II', 20, 35, 9, 33, 'G27', 0.7, 9, '2023-10-07'),
(4353, 4, 'velya II', 20, 36, 9, 34, 'G28', 0, 9, '2023-10-07'),
(4354, 4, 'velya II', 20, 37, 7, 35, 'G29', 0, 9, '2023-10-07'),
(4355, 4, 'velya II', 20, 38, 9, 36, 'G30', 0, 9, '2023-10-07'),
(4356, 4, 'Aminudin', 25, 5, 1, 4, 'G1', 0.7, 10, '2023-10-23'),
(4357, 4, 'Aminudin', 25, 9, 1, 5, 'G2', 0.7, 10, '2023-10-23'),
(4358, 4, 'Aminudin', 25, 10, 1, 6, 'G3', 0.7, 10, '2023-10-23'),
(4359, 4, 'Aminudin', 25, 11, 1, 7, 'G4', 0.7, 10, '2023-10-23'),
(4360, 4, 'Aminudin', 25, 12, 1, 8, 'G5', 0.7, 10, '2023-10-23'),
(4361, 4, 'Aminudin', 25, 13, 2, 10, 'G6', 0.7, 10, '2023-10-23'),
(4362, 4, 'Aminudin', 25, 14, 2, 11, 'G7', 0.7, 10, '2023-10-23'),
(4363, 4, 'Aminudin', 25, 15, 2, 12, 'G8', 0, 10, '2023-10-23'),
(4364, 4, 'Aminudin', 25, 16, 2, 13, 'G9', 0.4, 10, '2023-10-23'),
(4365, 4, 'Aminudin', 25, 18, 3, 14, 'G10', 0.4, 10, '2023-10-23'),
(4366, 4, 'Aminudin', 25, 19, 3, 15, 'G11', 0.7, 10, '2023-10-23'),
(4367, 4, 'Aminudin', 25, 20, 4, 16, 'G12', 0.7, 10, '2023-10-23'),
(4368, 4, 'Aminudin', 25, 21, 4, 17, 'G13', 0, 10, '2023-10-23'),
(4369, 4, 'Aminudin', 25, 22, 4, 20, 'G14', 0.4, 10, '2023-10-23'),
(4370, 4, 'Aminudin', 25, 23, 4, 21, 'G15', 0.7, 10, '2023-10-23'),
(4371, 4, 'Aminudin', 25, 24, 5, 22, 'G16', 1, 10, '2023-10-23'),
(4372, 4, 'Aminudin', 25, 25, 5, 23, 'G17', 0.7, 10, '2023-10-23'),
(4373, 4, 'Aminudin', 25, 26, 5, 24, 'G18', 0.7, 10, '2023-10-23'),
(4374, 4, 'Aminudin', 25, 27, 5, 25, 'G19', 0.4, 10, '2023-10-23'),
(4375, 4, 'Aminudin', 25, 28, 6, 26, 'G20', 0.4, 10, '2023-10-23'),
(4376, 4, 'Aminudin', 25, 29, 6, 27, 'G21', 0.4, 10, '2023-10-23'),
(4377, 4, 'Aminudin', 25, 30, 6, 28, 'G22', 0.4, 10, '2023-10-23'),
(4378, 4, 'Aminudin', 25, 31, 6, 29, 'G23', 0, 10, '2023-10-23'),
(4379, 4, 'Aminudin', 25, 32, 7, 30, 'G24', 0.7, 10, '2023-10-23'),
(4380, 4, 'Aminudin', 25, 33, 7, 31, 'G25', 1, 10, '2023-10-23'),
(4381, 4, 'Aminudin', 25, 34, 7, 32, 'G26', 0.7, 10, '2023-10-23'),
(4382, 4, 'Aminudin', 25, 35, 9, 33, 'G27', 0.4, 10, '2023-10-23'),
(4383, 4, 'Aminudin', 25, 36, 9, 34, 'G28', 0, 10, '2023-10-23'),
(4384, 4, 'Aminudin', 25, 37, 7, 35, 'G29', 0.7, 10, '2023-10-23'),
(4385, 4, 'Aminudin', 25, 38, 9, 36, 'G30', 0.4, 10, '2023-10-23'),
(4386, 3, '', 0, 5, 1, 4, 'G1', 0.7, 2, '2023-10-28'),
(4387, 3, '', 0, 9, 1, 5, 'G2', 0.7, 2, '2023-10-28'),
(4388, 3, '', 0, 10, 1, 6, 'G3', 0, 2, '2023-10-28'),
(4389, 3, '', 0, 11, 1, 7, 'G4', 0, 2, '2023-10-28'),
(4390, 3, '', 0, 12, 1, 8, 'G5', 0, 2, '2023-10-28'),
(4391, 3, '', 0, 13, 2, 10, 'G6', 0, 2, '2023-10-28'),
(4392, 3, '', 0, 14, 2, 11, 'G7', 0, 2, '2023-10-28'),
(4393, 3, '', 0, 15, 2, 12, 'G8', 0.7, 2, '2023-10-28'),
(4394, 3, '', 0, 16, 2, 13, 'G9', 0.7, 2, '2023-10-28'),
(4395, 3, '', 0, 18, 3, 14, 'G10', 0.7, 2, '2023-10-28'),
(4396, 3, '', 0, 19, 3, 15, 'G11', 0, 2, '2023-10-28'),
(4397, 3, '', 0, 20, 4, 16, 'G12', 0, 2, '2023-10-28'),
(4398, 3, '', 0, 21, 4, 17, 'G13', 0.7, 2, '2023-10-28'),
(4399, 3, '', 0, 22, 4, 20, 'G14', 0.4, 2, '2023-10-28'),
(4400, 3, '', 0, 23, 4, 21, 'G15', 0.7, 2, '2023-10-28'),
(4401, 3, '', 0, 24, 5, 22, 'G16', 0, 2, '2023-10-28'),
(4402, 3, '', 0, 25, 5, 23, 'G17', 0, 2, '2023-10-28'),
(4403, 3, '', 0, 26, 5, 24, 'G18', 0, 2, '2023-10-28'),
(4404, 3, '', 0, 27, 5, 25, 'G19', 0, 2, '2023-10-28'),
(4405, 3, '', 0, 28, 6, 26, 'G20', 0, 2, '2023-10-28'),
(4406, 3, '', 0, 29, 6, 27, 'G21', 0.7, 2, '2023-10-28'),
(4407, 3, '', 0, 30, 6, 28, 'G22', 0.7, 2, '2023-10-28'),
(4408, 3, '', 0, 31, 6, 29, 'G23', 0, 2, '2023-10-28'),
(4409, 3, '', 0, 32, 7, 30, 'G24', 0, 2, '2023-10-28'),
(4410, 3, '', 0, 33, 7, 31, 'G25', 0.7, 2, '2023-10-28'),
(4411, 3, '', 0, 34, 7, 32, 'G26', 0, 2, '2023-10-28'),
(4412, 3, '', 0, 35, 9, 33, 'G27', 0.7, 2, '2023-10-28'),
(4413, 3, '', 0, 36, 9, 34, 'G28', 0, 2, '2023-10-28'),
(4414, 3, '', 0, 37, 7, 35, 'G29', 0, 2, '2023-10-28'),
(4415, 3, '', 0, 38, 9, 36, 'G30', 0, 2, '2023-10-28'),
(4416, 3, '', 0, 5, 1, 4, 'G1', 0.7, 3, '2023-10-28'),
(4417, 3, '', 0, 9, 1, 5, 'G2', 0.7, 3, '2023-10-28'),
(4418, 3, '', 0, 10, 1, 6, 'G3', 0, 3, '2023-10-28'),
(4419, 3, '', 0, 11, 1, 7, 'G4', 0, 3, '2023-10-28'),
(4420, 3, '', 0, 12, 1, 8, 'G5', 0, 3, '2023-10-28'),
(4421, 3, '', 0, 13, 2, 10, 'G6', 0, 3, '2023-10-28'),
(4422, 3, '', 0, 14, 2, 11, 'G7', 0, 3, '2023-10-28'),
(4423, 3, '', 0, 15, 2, 12, 'G8', 0.7, 3, '2023-10-28'),
(4424, 3, '', 0, 16, 2, 13, 'G9', 0.7, 3, '2023-10-28'),
(4425, 3, '', 0, 18, 3, 14, 'G10', 0.7, 3, '2023-10-28'),
(4426, 3, '', 0, 19, 3, 15, 'G11', 0, 3, '2023-10-28'),
(4427, 3, '', 0, 20, 4, 16, 'G12', 0, 3, '2023-10-28'),
(4428, 3, '', 0, 21, 4, 17, 'G13', 0.7, 3, '2023-10-28'),
(4429, 3, '', 0, 22, 4, 20, 'G14', 0.4, 3, '2023-10-28'),
(4430, 3, '', 0, 23, 4, 21, 'G15', 0.7, 3, '2023-10-28'),
(4431, 3, '', 0, 24, 5, 22, 'G16', 0, 3, '2023-10-28'),
(4432, 3, '', 0, 25, 5, 23, 'G17', 0.7, 3, '2023-10-28'),
(4433, 3, '', 0, 26, 5, 24, 'G18', 0, 3, '2023-10-28'),
(4434, 3, '', 0, 27, 5, 25, 'G19', 0, 3, '2023-10-28'),
(4435, 3, '', 0, 28, 6, 26, 'G20', 0, 3, '2023-10-28'),
(4436, 3, '', 0, 29, 6, 27, 'G21', 0.7, 3, '2023-10-28'),
(4437, 3, '', 0, 30, 6, 28, 'G22', 0.7, 3, '2023-10-28'),
(4438, 3, '', 0, 31, 6, 29, 'G23', 0, 3, '2023-10-28'),
(4439, 3, '', 0, 32, 7, 30, 'G24', 0, 3, '2023-10-28'),
(4440, 3, '', 0, 33, 7, 31, 'G25', 0.7, 3, '2023-10-28'),
(4441, 3, '', 0, 34, 7, 32, 'G26', 0, 3, '2023-10-28'),
(4442, 3, '', 0, 35, 9, 33, 'G27', 0.7, 3, '2023-10-28'),
(4443, 3, '', 0, 36, 9, 34, 'G28', 0, 3, '2023-10-28'),
(4444, 3, '', 0, 37, 7, 35, 'G29', 0, 3, '2023-10-28'),
(4445, 3, '', 0, 38, 9, 36, 'G30', 0, 3, '2023-10-28'),
(4446, 3, '', 0, 5, 1, 4, 'G1', 0.7, 4, '2023-10-28'),
(4447, 3, '', 0, 9, 1, 5, 'G2', 0.7, 4, '2023-10-28'),
(4448, 3, '', 0, 10, 1, 6, 'G3', 0, 4, '2023-10-28'),
(4449, 3, '', 0, 11, 1, 7, 'G4', 0, 4, '2023-10-28'),
(4450, 3, '', 0, 12, 1, 8, 'G5', 0, 4, '2023-10-28'),
(4451, 3, '', 0, 13, 2, 10, 'G6', 0, 4, '2023-10-28'),
(4452, 3, '', 0, 14, 2, 11, 'G7', 0, 4, '2023-10-28'),
(4453, 3, '', 0, 15, 2, 12, 'G8', 0.7, 4, '2023-10-28'),
(4454, 3, '', 0, 16, 2, 13, 'G9', 0.7, 4, '2023-10-28'),
(4455, 3, '', 0, 18, 3, 14, 'G10', 0.7, 4, '2023-10-28'),
(4456, 3, '', 0, 19, 3, 15, 'G11', 0, 4, '2023-10-28'),
(4457, 3, '', 0, 20, 4, 16, 'G12', 0, 4, '2023-10-28'),
(4458, 3, '', 0, 21, 4, 17, 'G13', 0.7, 4, '2023-10-28'),
(4459, 3, '', 0, 22, 4, 20, 'G14', 0.4, 4, '2023-10-28'),
(4460, 3, '', 0, 23, 4, 21, 'G15', 0.7, 4, '2023-10-28'),
(4461, 3, '', 0, 24, 5, 22, 'G16', 0, 4, '2023-10-28'),
(4462, 3, '', 0, 25, 5, 23, 'G17', 0.7, 4, '2023-10-28'),
(4463, 3, '', 0, 26, 5, 24, 'G18', 0, 4, '2023-10-28'),
(4464, 3, '', 0, 27, 5, 25, 'G19', 0, 4, '2023-10-28'),
(4465, 3, '', 0, 28, 6, 26, 'G20', 0, 4, '2023-10-28'),
(4466, 3, '', 0, 29, 6, 27, 'G21', 0.7, 4, '2023-10-28'),
(4467, 3, '', 0, 30, 6, 28, 'G22', 0.7, 4, '2023-10-28'),
(4468, 3, '', 0, 31, 6, 29, 'G23', 0, 4, '2023-10-28'),
(4469, 3, '', 0, 32, 7, 30, 'G24', 0, 4, '2023-10-28'),
(4470, 3, '', 0, 33, 7, 31, 'G25', 0.7, 4, '2023-10-28'),
(4471, 3, '', 0, 34, 7, 32, 'G26', 0, 4, '2023-10-28'),
(4472, 3, '', 0, 35, 9, 33, 'G27', 0.7, 4, '2023-10-28'),
(4473, 3, '', 0, 36, 9, 34, 'G28', 0, 4, '2023-10-28'),
(4474, 3, '', 0, 37, 7, 35, 'G29', 0, 4, '2023-10-28'),
(4475, 3, '', 0, 38, 9, 36, 'G30', 0, 4, '2023-10-28'),
(4476, 3, 'pia', 5, 5, 1, 4, 'G1', 0.7, 5, '2023-11-10'),
(4477, 3, 'pia', 5, 9, 1, 5, 'G2', 0.7, 5, '2023-11-10'),
(4478, 3, 'pia', 5, 10, 1, 6, 'G3', 0, 5, '2023-11-10'),
(4479, 3, 'pia', 5, 11, 1, 7, 'G4', 0, 5, '2023-11-10'),
(4480, 3, 'pia', 5, 12, 1, 8, 'G5', 0, 5, '2023-11-10'),
(4481, 3, 'pia', 5, 13, 2, 10, 'G6', 0, 5, '2023-11-10'),
(4482, 3, 'pia', 5, 14, 2, 11, 'G7', 0, 5, '2023-11-10'),
(4483, 3, 'pia', 5, 15, 2, 12, 'G8', 0.7, 5, '2023-11-10'),
(4484, 3, 'pia', 5, 16, 2, 13, 'G9', 0.7, 5, '2023-11-10'),
(4485, 3, 'pia', 5, 18, 3, 14, 'G10', 0.7, 5, '2023-11-10'),
(4486, 3, 'pia', 5, 19, 3, 15, 'G11', 0, 5, '2023-11-10'),
(4487, 3, 'pia', 5, 20, 4, 16, 'G12', 0, 5, '2023-11-10'),
(4488, 3, 'pia', 5, 21, 4, 17, 'G13', 0.7, 5, '2023-11-10'),
(4489, 3, 'pia', 5, 22, 4, 20, 'G14', 0.4, 5, '2023-11-10'),
(4490, 3, 'pia', 5, 23, 4, 21, 'G15', 0, 5, '2023-11-10'),
(4491, 3, 'pia', 5, 24, 5, 22, 'G16', 0, 5, '2023-11-10'),
(4492, 3, 'pia', 5, 25, 5, 23, 'G17', 0, 5, '2023-11-10'),
(4493, 3, 'pia', 5, 26, 5, 24, 'G18', 0, 5, '2023-11-10'),
(4494, 3, 'pia', 5, 27, 5, 25, 'G19', 0, 5, '2023-11-10'),
(4495, 3, 'pia', 5, 28, 6, 26, 'G20', 0, 5, '2023-11-10'),
(4496, 3, 'pia', 5, 29, 6, 27, 'G21', 0.7, 5, '2023-11-10'),
(4497, 3, 'pia', 5, 30, 6, 28, 'G22', 0.7, 5, '2023-11-10'),
(4498, 3, 'pia', 5, 31, 6, 29, 'G23', 0, 5, '2023-11-10'),
(4499, 3, 'pia', 5, 32, 7, 30, 'G24', 0, 5, '2023-11-10'),
(4500, 3, 'pia', 5, 33, 7, 31, 'G25', 0.7, 5, '2023-11-10'),
(4501, 3, 'pia', 5, 34, 7, 32, 'G26', 0, 5, '2023-11-10'),
(4502, 3, 'pia', 5, 35, 9, 33, 'G27', 0.7, 5, '2023-11-10'),
(4503, 3, 'pia', 5, 36, 9, 34, 'G28', 0, 5, '2023-11-10'),
(4504, 3, 'pia', 5, 37, 7, 35, 'G29', 0, 5, '2023-11-10'),
(4505, 3, 'pia', 5, 38, 9, 36, 'G30', 0, 5, '2023-11-10'),
(4506, 3, 'zahra', 6, 5, 1, 4, 'G1', 0.7, 6, '2023-11-10'),
(4507, 3, 'zahra', 6, 9, 1, 5, 'G2', 0.7, 6, '2023-11-10'),
(4508, 3, 'zahra', 6, 10, 1, 6, 'G3', 0, 6, '2023-11-10'),
(4509, 3, 'zahra', 6, 11, 1, 7, 'G4', 0, 6, '2023-11-10'),
(4510, 3, 'zahra', 6, 12, 1, 8, 'G5', 0, 6, '2023-11-10'),
(4511, 3, 'zahra', 6, 13, 2, 10, 'G6', 0, 6, '2023-11-10'),
(4512, 3, 'zahra', 6, 14, 2, 11, 'G7', 0, 6, '2023-11-10'),
(4513, 3, 'zahra', 6, 15, 2, 12, 'G8', 0.7, 6, '2023-11-10'),
(4514, 3, 'zahra', 6, 16, 2, 13, 'G9', 0.7, 6, '2023-11-10'),
(4515, 3, 'zahra', 6, 18, 3, 14, 'G10', 0.7, 6, '2023-11-10'),
(4516, 3, 'zahra', 6, 19, 3, 15, 'G11', 0, 6, '2023-11-10'),
(4517, 3, 'zahra', 6, 20, 4, 16, 'G12', 0, 6, '2023-11-10'),
(4518, 3, 'zahra', 6, 21, 4, 17, 'G13', 0.7, 6, '2023-11-10'),
(4519, 3, 'zahra', 6, 22, 4, 20, 'G14', 0.4, 6, '2023-11-10'),
(4520, 3, 'zahra', 6, 23, 4, 21, 'G15', 0.7, 6, '2023-11-10'),
(4521, 3, 'zahra', 6, 24, 5, 22, 'G16', 0, 6, '2023-11-10'),
(4522, 3, 'zahra', 6, 25, 5, 23, 'G17', 0, 6, '2023-11-10'),
(4523, 3, 'zahra', 6, 26, 5, 24, 'G18', 0, 6, '2023-11-10'),
(4524, 3, 'zahra', 6, 27, 5, 25, 'G19', 0, 6, '2023-11-10'),
(4525, 3, 'zahra', 6, 28, 6, 26, 'G20', 0, 6, '2023-11-10'),
(4526, 3, 'zahra', 6, 29, 6, 27, 'G21', 0.7, 6, '2023-11-10'),
(4527, 3, 'zahra', 6, 30, 6, 28, 'G22', 0.7, 6, '2023-11-10'),
(4528, 3, 'zahra', 6, 31, 6, 29, 'G23', 0, 6, '2023-11-10'),
(4529, 3, 'zahra', 6, 32, 7, 30, 'G24', 0, 6, '2023-11-10'),
(4530, 3, 'zahra', 6, 33, 7, 31, 'G25', 0.7, 6, '2023-11-10'),
(4531, 3, 'zahra', 6, 34, 7, 32, 'G26', 0, 6, '2023-11-10'),
(4532, 3, 'zahra', 6, 35, 9, 33, 'G27', 0.7, 6, '2023-11-10'),
(4533, 3, 'zahra', 6, 36, 9, 34, 'G28', 0, 6, '2023-11-10'),
(4534, 3, 'zahra', 6, 37, 7, 35, 'G29', 0, 6, '2023-11-10'),
(4535, 3, 'zahra', 6, 38, 9, 36, 'G30', 0, 6, '2023-11-10'),
(4536, 3, 'deni', 5, 5, 1, 4, 'G1', 0.7, 7, '2023-11-10'),
(4537, 3, 'deni', 5, 9, 1, 5, 'G2', 0.7, 7, '2023-11-10'),
(4538, 3, 'deni', 5, 10, 1, 6, 'G3', 0, 7, '2023-11-10'),
(4539, 3, 'deni', 5, 11, 1, 7, 'G4', 0, 7, '2023-11-10'),
(4540, 3, 'deni', 5, 12, 1, 8, 'G5', 0, 7, '2023-11-10'),
(4541, 3, 'deni', 5, 13, 2, 10, 'G6', 0, 7, '2023-11-10'),
(4542, 3, 'deni', 5, 14, 2, 11, 'G7', 0, 7, '2023-11-10'),
(4543, 3, 'deni', 5, 15, 2, 12, 'G8', 0.7, 7, '2023-11-10'),
(4544, 3, 'deni', 5, 16, 2, 13, 'G9', 0.7, 7, '2023-11-10'),
(4545, 3, 'deni', 5, 18, 3, 14, 'G10', 0.7, 7, '2023-11-10'),
(4546, 3, 'deni', 5, 19, 3, 15, 'G11', 0, 7, '2023-11-10'),
(4547, 3, 'deni', 5, 20, 4, 16, 'G12', 0, 7, '2023-11-10'),
(4548, 3, 'deni', 5, 21, 4, 17, 'G13', 0.7, 7, '2023-11-10'),
(4549, 3, 'deni', 5, 22, 4, 20, 'G14', 0.4, 7, '2023-11-10'),
(4550, 3, 'deni', 5, 23, 4, 21, 'G15', 0.7, 7, '2023-11-10'),
(4551, 3, 'deni', 5, 24, 5, 22, 'G16', 0, 7, '2023-11-10'),
(4552, 3, 'deni', 5, 25, 5, 23, 'G17', 0.7, 7, '2023-11-10'),
(4553, 3, 'deni', 5, 26, 5, 24, 'G18', 0, 7, '2023-11-10'),
(4554, 3, 'deni', 5, 27, 5, 25, 'G19', 0, 7, '2023-11-10'),
(4555, 3, 'deni', 5, 28, 6, 26, 'G20', 0, 7, '2023-11-10'),
(4556, 3, 'deni', 5, 29, 6, 27, 'G21', 0.7, 7, '2023-11-10'),
(4557, 3, 'deni', 5, 30, 6, 28, 'G22', 0.7, 7, '2023-11-10'),
(4558, 3, 'deni', 5, 31, 6, 29, 'G23', 0, 7, '2023-11-10'),
(4559, 3, 'deni', 5, 32, 7, 30, 'G24', 0, 7, '2023-11-10'),
(4560, 3, 'deni', 5, 33, 7, 31, 'G25', 0.7, 7, '2023-11-10'),
(4561, 3, 'deni', 5, 34, 7, 32, 'G26', 0, 7, '2023-11-10'),
(4562, 3, 'deni', 5, 35, 9, 33, 'G27', 0.7, 7, '2023-11-10'),
(4563, 3, 'deni', 5, 36, 9, 34, 'G28', 0, 7, '2023-11-10'),
(4564, 3, 'deni', 5, 37, 7, 35, 'G29', 0, 7, '2023-11-10'),
(4565, 3, 'deni', 5, 38, 9, 36, 'G30', 0, 7, '2023-11-10'),
(4566, 7, 'fitri', 4, 5, 1, 4, 'G1', 0.7, 1, '2023-11-20'),
(4567, 7, 'fitri', 4, 9, 1, 5, 'G2', 0, 1, '2023-11-20'),
(4568, 7, 'fitri', 4, 10, 1, 6, 'G3', 0, 1, '2023-11-20'),
(4569, 7, 'fitri', 4, 11, 1, 7, 'G4', 0.4, 1, '2023-11-20'),
(4570, 7, 'fitri', 4, 12, 1, 8, 'G5', 0, 1, '2023-11-20'),
(4571, 7, 'fitri', 4, 13, 2, 10, 'G6', 0.4, 1, '2023-11-20'),
(4572, 7, 'fitri', 4, 14, 2, 11, 'G7', 0, 1, '2023-11-20'),
(4573, 7, 'fitri', 4, 15, 2, 12, 'G8', 0.7, 1, '2023-11-20'),
(4574, 7, 'fitri', 4, 16, 2, 13, 'G9', 0, 1, '2023-11-20'),
(4575, 7, 'fitri', 4, 18, 3, 14, 'G10', 0, 1, '2023-11-20'),
(4576, 7, 'fitri', 4, 19, 3, 15, 'G11', 0, 1, '2023-11-20'),
(4577, 7, 'fitri', 4, 20, 4, 16, 'G12', 0.7, 1, '2023-11-20'),
(4578, 7, 'fitri', 4, 21, 4, 17, 'G13', 0, 1, '2023-11-20'),
(4579, 7, 'fitri', 4, 22, 4, 20, 'G14', 0, 1, '2023-11-20'),
(4580, 7, 'fitri', 4, 23, 4, 21, 'G15', 0, 1, '2023-11-20'),
(4581, 7, 'fitri', 4, 24, 5, 22, 'G16', 0, 1, '2023-11-20'),
(4582, 7, 'fitri', 4, 25, 5, 23, 'G17', 0, 1, '2023-11-20'),
(4583, 7, 'fitri', 4, 26, 5, 24, 'G18', 0, 1, '2023-11-20'),
(4584, 7, 'fitri', 4, 27, 5, 25, 'G19', 0, 1, '2023-11-20'),
(4585, 7, 'fitri', 4, 28, 6, 26, 'G20', 0.4, 1, '2023-11-20'),
(4586, 7, 'fitri', 4, 29, 6, 27, 'G21', 0, 1, '2023-11-20'),
(4587, 7, 'fitri', 4, 30, 6, 28, 'G22', 0, 1, '2023-11-20'),
(4588, 7, 'fitri', 4, 31, 6, 29, 'G23', 0, 1, '2023-11-20'),
(4589, 7, 'fitri', 4, 32, 7, 30, 'G24', 0, 1, '2023-11-20'),
(4590, 7, 'fitri', 4, 33, 7, 31, 'G25', 0, 1, '2023-11-20'),
(4591, 7, 'fitri', 4, 34, 7, 32, 'G26', 0, 1, '2023-11-20'),
(4592, 7, 'fitri', 4, 35, 9, 33, 'G27', 0, 1, '2023-11-20'),
(4593, 7, 'fitri', 4, 36, 9, 34, 'G28', 0, 1, '2023-11-20'),
(4594, 7, 'fitri', 4, 37, 7, 35, 'G29', 0, 1, '2023-11-20'),
(4595, 7, 'fitri', 4, 38, 9, 36, 'G30', 0, 1, '2023-11-20'),
(4596, 7, 'azzahra', 5, 5, 1, 4, 'G1', 0, 2, '2023-11-20'),
(4597, 7, 'azzahra', 5, 9, 1, 5, 'G2', 0, 2, '2023-11-20'),
(4598, 7, 'azzahra', 5, 10, 1, 6, 'G3', 0, 2, '2023-11-20'),
(4599, 7, 'azzahra', 5, 11, 1, 7, 'G4', 0.7, 2, '2023-11-20'),
(4600, 7, 'azzahra', 5, 12, 1, 8, 'G5', 0, 2, '2023-11-20'),
(4601, 7, 'azzahra', 5, 13, 2, 10, 'G6', 0.4, 2, '2023-11-20'),
(4602, 7, 'azzahra', 5, 14, 2, 11, 'G7', 0, 2, '2023-11-20'),
(4603, 7, 'azzahra', 5, 15, 2, 12, 'G8', 0, 2, '2023-11-20'),
(4604, 7, 'azzahra', 5, 16, 2, 13, 'G9', 0, 2, '2023-11-20'),
(4605, 7, 'azzahra', 5, 18, 3, 14, 'G10', 0.7, 2, '2023-11-20'),
(4606, 7, 'azzahra', 5, 19, 3, 15, 'G11', 0.7, 2, '2023-11-20'),
(4607, 7, 'azzahra', 5, 20, 4, 16, 'G12', 0, 2, '2023-11-20'),
(4608, 7, 'azzahra', 5, 21, 4, 17, 'G13', 0, 2, '2023-11-20'),
(4609, 7, 'azzahra', 5, 22, 4, 20, 'G14', 0, 2, '2023-11-20'),
(4610, 7, 'azzahra', 5, 23, 4, 21, 'G15', 0, 2, '2023-11-20'),
(4611, 7, 'azzahra', 5, 24, 5, 22, 'G16', 0, 2, '2023-11-20'),
(4612, 7, 'azzahra', 5, 25, 5, 23, 'G17', 0, 2, '2023-11-20'),
(4613, 7, 'azzahra', 5, 26, 5, 24, 'G18', 0, 2, '2023-11-20'),
(4614, 7, 'azzahra', 5, 27, 5, 25, 'G19', 0, 2, '2023-11-20'),
(4615, 7, 'azzahra', 5, 28, 6, 26, 'G20', 0, 2, '2023-11-20'),
(4616, 7, 'azzahra', 5, 29, 6, 27, 'G21', 0, 2, '2023-11-20'),
(4617, 7, 'azzahra', 5, 30, 6, 28, 'G22', 0, 2, '2023-11-20'),
(4618, 7, 'azzahra', 5, 31, 6, 29, 'G23', 0.4, 2, '2023-11-20'),
(4619, 7, 'azzahra', 5, 32, 7, 30, 'G24', 0, 2, '2023-11-20'),
(4620, 7, 'azzahra', 5, 33, 7, 31, 'G25', 0, 2, '2023-11-20'),
(4621, 7, 'azzahra', 5, 34, 7, 32, 'G26', 0, 2, '2023-11-20'),
(4622, 7, 'azzahra', 5, 35, 9, 33, 'G27', 0, 2, '2023-11-20'),
(4623, 7, 'azzahra', 5, 36, 9, 34, 'G28', 0, 2, '2023-11-20'),
(4624, 7, 'azzahra', 5, 37, 7, 35, 'G29', 0, 2, '2023-11-20'),
(4625, 7, 'azzahra', 5, 38, 9, 36, 'G30', 0, 2, '2023-11-20'),
(4626, 7, 'Rizky', 4, 5, 1, 4, 'G1', 0.4, 3, '2023-11-20'),
(4627, 7, 'Rizky', 4, 9, 1, 5, 'G2', 0, 3, '2023-11-20'),
(4628, 7, 'Rizky', 4, 10, 1, 6, 'G3', 0, 3, '2023-11-20'),
(4629, 7, 'Rizky', 4, 11, 1, 7, 'G4', 0.4, 3, '2023-11-20'),
(4630, 7, 'Rizky', 4, 12, 1, 8, 'G5', 0, 3, '2023-11-20'),
(4631, 7, 'Rizky', 4, 13, 2, 10, 'G6', 0, 3, '2023-11-20'),
(4632, 7, 'Rizky', 4, 14, 2, 11, 'G7', 0, 3, '2023-11-20'),
(4633, 7, 'Rizky', 4, 15, 2, 12, 'G8', 0.7, 3, '2023-11-20'),
(4634, 7, 'Rizky', 4, 16, 2, 13, 'G9', 0, 3, '2023-11-20'),
(4635, 7, 'Rizky', 4, 18, 3, 14, 'G10', 0, 3, '2023-11-20'),
(4636, 7, 'Rizky', 4, 19, 3, 15, 'G11', 0, 3, '2023-11-20'),
(4637, 7, 'Rizky', 4, 20, 4, 16, 'G12', 0, 3, '2023-11-20'),
(4638, 7, 'Rizky', 4, 21, 4, 17, 'G13', 0.4, 3, '2023-11-20'),
(4639, 7, 'Rizky', 4, 22, 4, 20, 'G14', 0.7, 3, '2023-11-20'),
(4640, 7, 'Rizky', 4, 23, 4, 21, 'G15', 0, 3, '2023-11-20'),
(4641, 7, 'Rizky', 4, 24, 5, 22, 'G16', 0, 3, '2023-11-20'),
(4642, 7, 'Rizky', 4, 25, 5, 23, 'G17', 0, 3, '2023-11-20'),
(4643, 7, 'Rizky', 4, 26, 5, 24, 'G18', 0, 3, '2023-11-20'),
(4644, 7, 'Rizky', 4, 27, 5, 25, 'G19', 0, 3, '2023-11-20'),
(4645, 7, 'Rizky', 4, 28, 6, 26, 'G20', 0, 3, '2023-11-20'),
(4646, 7, 'Rizky', 4, 29, 6, 27, 'G21', 0, 3, '2023-11-20'),
(4647, 7, 'Rizky', 4, 30, 6, 28, 'G22', 0, 3, '2023-11-20'),
(4648, 7, 'Rizky', 4, 31, 6, 29, 'G23', 0, 3, '2023-11-20'),
(4649, 7, 'Rizky', 4, 32, 7, 30, 'G24', 0.4, 3, '2023-11-20'),
(4650, 7, 'Rizky', 4, 33, 7, 31, 'G25', 0.7, 3, '2023-11-20'),
(4651, 7, 'Rizky', 4, 34, 7, 32, 'G26', 0, 3, '2023-11-20'),
(4652, 7, 'Rizky', 4, 35, 9, 33, 'G27', 0, 3, '2023-11-20'),
(4653, 7, 'Rizky', 4, 36, 9, 34, 'G28', 0, 3, '2023-11-20'),
(4654, 7, 'Rizky', 4, 37, 7, 35, 'G29', 0, 3, '2023-11-20'),
(4655, 7, 'Rizky', 4, 38, 9, 36, 'G30', 0, 3, '2023-11-20'),
(4656, 7, 'Fadillah', 5, 5, 1, 4, 'G1', 0, 4, '2023-11-20'),
(4657, 7, 'Fadillah', 5, 9, 1, 5, 'G2', 0, 4, '2023-11-20'),
(4658, 7, 'Fadillah', 5, 10, 1, 6, 'G3', 0, 4, '2023-11-20'),
(4659, 7, 'Fadillah', 5, 11, 1, 7, 'G4', 0, 4, '2023-11-20'),
(4660, 7, 'Fadillah', 5, 12, 1, 8, 'G5', 0, 4, '2023-11-20'),
(4661, 7, 'Fadillah', 5, 13, 2, 10, 'G6', 0, 4, '2023-11-20'),
(4662, 7, 'Fadillah', 5, 14, 2, 11, 'G7', 0, 4, '2023-11-20'),
(4663, 7, 'Fadillah', 5, 15, 2, 12, 'G8', 0, 4, '2023-11-20'),
(4664, 7, 'Fadillah', 5, 16, 2, 13, 'G9', 0, 4, '2023-11-20'),
(4665, 7, 'Fadillah', 5, 18, 3, 14, 'G10', 0, 4, '2023-11-20'),
(4666, 7, 'Fadillah', 5, 19, 3, 15, 'G11', 0, 4, '2023-11-20'),
(4667, 7, 'Fadillah', 5, 20, 4, 16, 'G12', 0.7, 4, '2023-11-20'),
(4668, 7, 'Fadillah', 5, 21, 4, 17, 'G13', 0, 4, '2023-11-20'),
(4669, 7, 'Fadillah', 5, 22, 4, 20, 'G14', 0, 4, '2023-11-20'),
(4670, 7, 'Fadillah', 5, 23, 4, 21, 'G15', 0, 4, '2023-11-20'),
(4671, 7, 'Fadillah', 5, 24, 5, 22, 'G16', 0, 4, '2023-11-20'),
(4672, 7, 'Fadillah', 5, 25, 5, 23, 'G17', 0, 4, '2023-11-20'),
(4673, 7, 'Fadillah', 5, 26, 5, 24, 'G18', 0, 4, '2023-11-20'),
(4674, 7, 'Fadillah', 5, 27, 5, 25, 'G19', 0.4, 4, '2023-11-20'),
(4675, 7, 'Fadillah', 5, 28, 6, 26, 'G20', 0, 4, '2023-11-20'),
(4676, 7, 'Fadillah', 5, 29, 6, 27, 'G21', 0, 4, '2023-11-20'),
(4677, 7, 'Fadillah', 5, 30, 6, 28, 'G22', 0, 4, '2023-11-20'),
(4678, 7, 'Fadillah', 5, 31, 6, 29, 'G23', 0, 4, '2023-11-20'),
(4679, 7, 'Fadillah', 5, 32, 7, 30, 'G24', 0.4, 4, '2023-11-20'),
(4680, 7, 'Fadillah', 5, 33, 7, 31, 'G25', 0, 4, '2023-11-20'),
(4681, 7, 'Fadillah', 5, 34, 7, 32, 'G26', 0, 4, '2023-11-20'),
(4682, 7, 'Fadillah', 5, 35, 9, 33, 'G27', 0, 4, '2023-11-20'),
(4683, 7, 'Fadillah', 5, 36, 9, 34, 'G28', 0, 4, '2023-11-20'),
(4684, 7, 'Fadillah', 5, 37, 7, 35, 'G29', 0, 4, '2023-11-20'),
(4685, 7, 'Fadillah', 5, 38, 9, 36, 'G30', 0.7, 4, '2023-11-20'),
(4686, 7, 'deniya', 4, 5, 1, 4, 'G1', 0, 5, '2023-11-20'),
(4687, 7, 'deniya', 4, 9, 1, 5, 'G2', 0, 5, '2023-11-20'),
(4688, 7, 'deniya', 4, 10, 1, 6, 'G3', 0, 5, '2023-11-20'),
(4689, 7, 'deniya', 4, 11, 1, 7, 'G4', 0.7, 5, '2023-11-20'),
(4690, 7, 'deniya', 4, 12, 1, 8, 'G5', 0, 5, '2023-11-20'),
(4691, 7, 'deniya', 4, 13, 2, 10, 'G6', 0, 5, '2023-11-20'),
(4692, 7, 'deniya', 4, 14, 2, 11, 'G7', 0, 5, '2023-11-20'),
(4693, 7, 'deniya', 4, 15, 2, 12, 'G8', 0, 5, '2023-11-20'),
(4694, 7, 'deniya', 4, 16, 2, 13, 'G9', 0, 5, '2023-11-20'),
(4695, 7, 'deniya', 4, 18, 3, 14, 'G10', 0, 5, '2023-11-20'),
(4696, 7, 'deniya', 4, 19, 3, 15, 'G11', 0.4, 5, '2023-11-20'),
(4697, 7, 'deniya', 4, 20, 4, 16, 'G12', 0, 5, '2023-11-20'),
(4698, 7, 'deniya', 4, 21, 4, 17, 'G13', 0, 5, '2023-11-20'),
(4699, 7, 'deniya', 4, 22, 4, 20, 'G14', 0, 5, '2023-11-20'),
(4700, 7, 'deniya', 4, 23, 4, 21, 'G15', 0, 5, '2023-11-20'),
(4701, 7, 'deniya', 4, 24, 5, 22, 'G16', 0, 5, '2023-11-20'),
(4702, 7, 'deniya', 4, 25, 5, 23, 'G17', 0, 5, '2023-11-20'),
(4703, 7, 'deniya', 4, 26, 5, 24, 'G18', 0, 5, '2023-11-20'),
(4704, 7, 'deniya', 4, 27, 5, 25, 'G19', 0, 5, '2023-11-20'),
(4705, 7, 'deniya', 4, 28, 6, 26, 'G20', 0, 5, '2023-11-20'),
(4706, 7, 'deniya', 4, 29, 6, 27, 'G21', 0, 5, '2023-11-20'),
(4707, 7, 'deniya', 4, 30, 6, 28, 'G22', 0, 5, '2023-11-20'),
(4708, 7, 'deniya', 4, 31, 6, 29, 'G23', 0, 5, '2023-11-20'),
(4709, 7, 'deniya', 4, 32, 7, 30, 'G24', 0, 5, '2023-11-20'),
(4710, 7, 'deniya', 4, 33, 7, 31, 'G25', 0, 5, '2023-11-20'),
(4711, 7, 'deniya', 4, 34, 7, 32, 'G26', 0, 5, '2023-11-20'),
(4712, 7, 'deniya', 4, 35, 9, 33, 'G27', 0, 5, '2023-11-20'),
(4713, 7, 'deniya', 4, 36, 9, 34, 'G28', 0.4, 5, '2023-11-20'),
(4714, 7, 'deniya', 4, 37, 7, 35, 'G29', 0.4, 5, '2023-11-20'),
(4715, 7, 'deniya', 4, 38, 9, 36, 'G30', 0, 5, '2023-11-20'),
(4716, 7, 'farida', 4, 5, 1, 4, 'G1', 0, 6, '2023-11-20'),
(4717, 7, 'farida', 4, 9, 1, 5, 'G2', 0.4, 6, '2023-11-20'),
(4718, 7, 'farida', 4, 10, 1, 6, 'G3', 0.4, 6, '2023-11-20'),
(4719, 7, 'farida', 4, 11, 1, 7, 'G4', 0, 6, '2023-11-20'),
(4720, 7, 'farida', 4, 12, 1, 8, 'G5', 0, 6, '2023-11-20'),
(4721, 7, 'farida', 4, 13, 2, 10, 'G6', 0, 6, '2023-11-20'),
(4722, 7, 'farida', 4, 14, 2, 11, 'G7', 0, 6, '2023-11-20'),
(4723, 7, 'farida', 4, 15, 2, 12, 'G8', 0, 6, '2023-11-20'),
(4724, 7, 'farida', 4, 16, 2, 13, 'G9', 0, 6, '2023-11-20'),
(4725, 7, 'farida', 4, 18, 3, 14, 'G10', 0, 6, '2023-11-20'),
(4726, 7, 'farida', 4, 19, 3, 15, 'G11', 0, 6, '2023-11-20'),
(4727, 7, 'farida', 4, 20, 4, 16, 'G12', 0.7, 6, '2023-11-20'),
(4728, 7, 'farida', 4, 21, 4, 17, 'G13', 0.4, 6, '2023-11-20'),
(4729, 7, 'farida', 4, 22, 4, 20, 'G14', 0, 6, '2023-11-20'),
(4730, 7, 'farida', 4, 23, 4, 21, 'G15', 0, 6, '2023-11-20'),
(4731, 7, 'farida', 4, 24, 5, 22, 'G16', 0, 6, '2023-11-20'),
(4732, 7, 'farida', 4, 25, 5, 23, 'G17', 0, 6, '2023-11-20'),
(4733, 7, 'farida', 4, 26, 5, 24, 'G18', 0, 6, '2023-11-20'),
(4734, 7, 'farida', 4, 27, 5, 25, 'G19', 0, 6, '2023-11-20'),
(4735, 7, 'farida', 4, 28, 6, 26, 'G20', 0, 6, '2023-11-20'),
(4736, 7, 'farida', 4, 29, 6, 27, 'G21', 0, 6, '2023-11-20'),
(4737, 7, 'farida', 4, 30, 6, 28, 'G22', 0.7, 6, '2023-11-20'),
(4738, 7, 'farida', 4, 31, 6, 29, 'G23', 0.4, 6, '2023-11-20'),
(4739, 7, 'farida', 4, 32, 7, 30, 'G24', 0, 6, '2023-11-20'),
(4740, 7, 'farida', 4, 33, 7, 31, 'G25', 0, 6, '2023-11-20'),
(4741, 7, 'farida', 4, 34, 7, 32, 'G26', 0, 6, '2023-11-20'),
(4742, 7, 'farida', 4, 35, 9, 33, 'G27', 0, 6, '2023-11-20'),
(4743, 7, 'farida', 4, 36, 9, 34, 'G28', 0, 6, '2023-11-20'),
(4744, 7, 'farida', 4, 37, 7, 35, 'G29', 0, 6, '2023-11-20'),
(4745, 7, 'farida', 4, 38, 9, 36, 'G30', 0, 6, '2023-11-20'),
(4746, 7, 'piya', 5, 5, 1, 4, 'G1', 0, 7, '2023-11-20'),
(4747, 7, 'piya', 5, 9, 1, 5, 'G2', 0, 7, '2023-11-20'),
(4748, 7, 'piya', 5, 10, 1, 6, 'G3', 0, 7, '2023-11-20'),
(4749, 7, 'piya', 5, 11, 1, 7, 'G4', 0, 7, '2023-11-20'),
(4750, 7, 'piya', 5, 12, 1, 8, 'G5', 0, 7, '2023-11-20'),
(4751, 7, 'piya', 5, 13, 2, 10, 'G6', 0, 7, '2023-11-20'),
(4752, 7, 'piya', 5, 14, 2, 11, 'G7', 0, 7, '2023-11-20'),
(4753, 7, 'piya', 5, 15, 2, 12, 'G8', 0, 7, '2023-11-20'),
(4754, 7, 'piya', 5, 16, 2, 13, 'G9', 0, 7, '2023-11-20'),
(4755, 7, 'piya', 5, 18, 3, 14, 'G10', 0, 7, '2023-11-20'),
(4756, 7, 'piya', 5, 19, 3, 15, 'G11', 0, 7, '2023-11-20'),
(4757, 7, 'piya', 5, 20, 4, 16, 'G12', 0, 7, '2023-11-20'),
(4758, 7, 'piya', 5, 21, 4, 17, 'G13', 0, 7, '2023-11-20'),
(4759, 7, 'piya', 5, 22, 4, 20, 'G14', 0, 7, '2023-11-20'),
(4760, 7, 'piya', 5, 23, 4, 21, 'G15', 0, 7, '2023-11-20'),
(4761, 7, 'piya', 5, 24, 5, 22, 'G16', 0, 7, '2023-11-20'),
(4762, 7, 'piya', 5, 25, 5, 23, 'G17', 0, 7, '2023-11-20'),
(4763, 7, 'piya', 5, 26, 5, 24, 'G18', 0, 7, '2023-11-20'),
(4764, 7, 'piya', 5, 27, 5, 25, 'G19', 0, 7, '2023-11-20'),
(4765, 7, 'piya', 5, 28, 6, 26, 'G20', 0, 7, '2023-11-20'),
(4766, 7, 'piya', 5, 29, 6, 27, 'G21', 0, 7, '2023-11-20'),
(4767, 7, 'piya', 5, 30, 6, 28, 'G22', 0, 7, '2023-11-20'),
(4768, 7, 'piya', 5, 31, 6, 29, 'G23', 0, 7, '2023-11-20'),
(4769, 7, 'piya', 5, 32, 7, 30, 'G24', 0, 7, '2023-11-20'),
(4770, 7, 'piya', 5, 33, 7, 31, 'G25', 0, 7, '2023-11-20'),
(4771, 7, 'piya', 5, 34, 7, 32, 'G26', 0, 7, '2023-11-20'),
(4772, 7, 'piya', 5, 35, 9, 33, 'G27', 0, 7, '2023-11-20'),
(4773, 7, 'piya', 5, 36, 9, 34, 'G28', 0, 7, '2023-11-20'),
(4774, 7, 'piya', 5, 37, 7, 35, 'G29', 0, 7, '2023-11-20'),
(4775, 7, 'piya', 5, 38, 9, 36, 'G30', 0, 7, '2023-11-20'),
(4776, 7, 'muh', 4, 5, 1, 4, 'G1', 0, 8, '2023-11-26'),
(4777, 7, 'muh', 4, 9, 1, 5, 'G2', 0, 8, '2023-11-26'),
(4778, 7, 'muh', 4, 10, 1, 6, 'G3', 0, 8, '2023-11-26'),
(4779, 7, 'muh', 4, 11, 1, 7, 'G4', 0.7, 8, '2023-11-26'),
(4780, 7, 'muh', 4, 12, 1, 8, 'G5', 0, 8, '2023-11-26'),
(4781, 7, 'muh', 4, 13, 2, 10, 'G6', 0, 8, '2023-11-26'),
(4782, 7, 'muh', 4, 14, 2, 11, 'G7', 0, 8, '2023-11-26'),
(4783, 7, 'muh', 4, 15, 2, 12, 'G8', 0, 8, '2023-11-26'),
(4784, 7, 'muh', 4, 16, 2, 13, 'G9', 0, 8, '2023-11-26'),
(4785, 7, 'muh', 4, 18, 3, 14, 'G10', 0, 8, '2023-11-26'),
(4786, 7, 'muh', 4, 19, 3, 15, 'G11', 0.4, 8, '2023-11-26'),
(4787, 7, 'muh', 4, 20, 4, 16, 'G12', 0, 8, '2023-11-26'),
(4788, 7, 'muh', 4, 21, 4, 17, 'G13', 0, 8, '2023-11-26'),
(4789, 7, 'muh', 4, 22, 4, 20, 'G14', 0, 8, '2023-11-26'),
(4790, 7, 'muh', 4, 23, 4, 21, 'G15', 0, 8, '2023-11-26'),
(4791, 7, 'muh', 4, 24, 5, 22, 'G16', 0, 8, '2023-11-26'),
(4792, 7, 'muh', 4, 25, 5, 23, 'G17', 0, 8, '2023-11-26'),
(4793, 7, 'muh', 4, 26, 5, 24, 'G18', 0, 8, '2023-11-26'),
(4794, 7, 'muh', 4, 27, 5, 25, 'G19', 0, 8, '2023-11-26'),
(4795, 7, 'muh', 4, 28, 6, 26, 'G20', 0, 8, '2023-11-26'),
(4796, 7, 'muh', 4, 29, 6, 27, 'G21', 0, 8, '2023-11-26'),
(4797, 7, 'muh', 4, 30, 6, 28, 'G22', 0, 8, '2023-11-26'),
(4798, 7, 'muh', 4, 31, 6, 29, 'G23', 0, 8, '2023-11-26'),
(4799, 7, 'muh', 4, 32, 7, 30, 'G24', 0, 8, '2023-11-26'),
(4800, 7, 'muh', 4, 33, 7, 31, 'G25', 0, 8, '2023-11-26'),
(4801, 7, 'muh', 4, 34, 7, 32, 'G26', 0, 8, '2023-11-26'),
(4802, 7, 'muh', 4, 35, 9, 33, 'G27', 0, 8, '2023-11-26'),
(4803, 7, 'muh', 4, 36, 9, 34, 'G28', 0.4, 8, '2023-11-26'),
(4804, 7, 'muh', 4, 37, 7, 35, 'G29', 0.4, 8, '2023-11-26'),
(4805, 7, 'muh', 4, 38, 9, 36, 'G30', 0, 8, '2023-11-26'),
(4806, 3, 'sDfa', 0, 5, 1, 4, 'G1', 1, 8, '2023-11-30'),
(4807, 3, 'sDfa', 0, 9, 1, 5, 'G2', 1, 8, '2023-11-30'),
(4808, 3, 'sDfa', 0, 10, 1, 6, 'G3', 1, 8, '2023-11-30'),
(4809, 3, 'sDfa', 0, 11, 1, 7, 'G4', 1, 8, '2023-11-30'),
(4810, 3, 'sDfa', 0, 12, 1, 8, 'G5', 0.7, 8, '2023-11-30'),
(4811, 3, 'sDfa', 0, 13, 2, 10, 'G6', 0.4, 8, '2023-11-30'),
(4812, 3, 'sDfa', 0, 14, 2, 11, 'G7', 0.7, 8, '2023-11-30'),
(4813, 3, 'sDfa', 0, 15, 2, 12, 'G8', 0.7, 8, '2023-11-30'),
(4814, 3, 'sDfa', 0, 16, 2, 13, 'G9', 0.7, 8, '2023-11-30'),
(4815, 3, 'sDfa', 0, 18, 3, 14, 'G10', 0.4, 8, '2023-11-30'),
(4816, 3, 'sDfa', 0, 19, 3, 15, 'G11', 0.4, 8, '2023-11-30'),
(4817, 3, 'sDfa', 0, 20, 4, 16, 'G12', 0, 8, '2023-11-30'),
(4818, 3, 'sDfa', 0, 21, 4, 17, 'G13', 0, 8, '2023-11-30'),
(4819, 3, 'sDfa', 0, 22, 4, 20, 'G14', 0, 8, '2023-11-30'),
(4820, 3, 'sDfa', 0, 23, 4, 21, 'G15', 0.7, 8, '2023-11-30'),
(4821, 3, 'sDfa', 0, 24, 5, 22, 'G16', 0.7, 8, '2023-11-30'),
(4822, 3, 'sDfa', 0, 25, 5, 23, 'G17', 0, 8, '2023-11-30'),
(4823, 3, 'sDfa', 0, 26, 5, 24, 'G18', 1, 8, '2023-11-30'),
(4824, 3, 'sDfa', 0, 27, 5, 25, 'G19', 0, 8, '2023-11-30'),
(4825, 3, 'sDfa', 0, 28, 6, 26, 'G20', 1, 8, '2023-11-30'),
(4826, 3, 'sDfa', 0, 29, 6, 27, 'G21', 0, 8, '2023-11-30'),
(4827, 3, 'sDfa', 0, 30, 6, 28, 'G22', 0.7, 8, '2023-11-30'),
(4828, 3, 'sDfa', 0, 31, 6, 29, 'G23', 0, 8, '2023-11-30'),
(4829, 3, 'sDfa', 0, 32, 7, 30, 'G24', 0, 8, '2023-11-30'),
(4830, 3, 'sDfa', 0, 33, 7, 31, 'G25', 0.4, 8, '2023-11-30'),
(4831, 3, 'sDfa', 0, 34, 7, 32, 'G26', 0, 8, '2023-11-30'),
(4832, 3, 'sDfa', 0, 35, 9, 33, 'G27', 0.4, 8, '2023-11-30'),
(4833, 3, 'sDfa', 0, 36, 9, 34, 'G28', 0, 8, '2023-11-30'),
(4834, 3, 'sDfa', 0, 37, 7, 35, 'G29', 0.7, 8, '2023-11-30'),
(4835, 3, 'sDfa', 0, 38, 9, 36, 'G30', 1, 8, '2023-11-30'),
(4836, 7, 'velya 1', 5, 5, 1, 4, 'G1', 0, 9, '2023-11-30'),
(4837, 7, 'velya 1', 5, 9, 1, 5, 'G2', 0.4, 9, '2023-11-30'),
(4838, 7, 'velya 1', 5, 10, 1, 6, 'G3', 0.4, 9, '2023-11-30'),
(4839, 7, 'velya 1', 5, 11, 1, 7, 'G4', 0, 9, '2023-11-30'),
(4840, 7, 'velya 1', 5, 12, 1, 8, 'G5', 0, 9, '2023-11-30'),
(4841, 7, 'velya 1', 5, 13, 2, 10, 'G6', 0, 9, '2023-11-30'),
(4842, 7, 'velya 1', 5, 14, 2, 11, 'G7', 0, 9, '2023-11-30'),
(4843, 7, 'velya 1', 5, 15, 2, 12, 'G8', 0, 9, '2023-11-30'),
(4844, 7, 'velya 1', 5, 16, 2, 13, 'G9', 0, 9, '2023-11-30'),
(4845, 7, 'velya 1', 5, 18, 3, 14, 'G10', 0, 9, '2023-11-30'),
(4846, 7, 'velya 1', 5, 19, 3, 15, 'G11', 0, 9, '2023-11-30'),
(4847, 7, 'velya 1', 5, 20, 4, 16, 'G12', 0.7, 9, '2023-11-30'),
(4848, 7, 'velya 1', 5, 21, 4, 17, 'G13', 0.4, 9, '2023-11-30'),
(4849, 7, 'velya 1', 5, 22, 4, 20, 'G14', 0, 9, '2023-11-30'),
(4850, 7, 'velya 1', 5, 23, 4, 21, 'G15', 0, 9, '2023-11-30'),
(4851, 7, 'velya 1', 5, 24, 5, 22, 'G16', 0, 9, '2023-11-30'),
(4852, 7, 'velya 1', 5, 25, 5, 23, 'G17', 0, 9, '2023-11-30'),
(4853, 7, 'velya 1', 5, 26, 5, 24, 'G18', 0, 9, '2023-11-30'),
(4854, 7, 'velya 1', 5, 27, 5, 25, 'G19', 0, 9, '2023-11-30'),
(4855, 7, 'velya 1', 5, 28, 6, 26, 'G20', 0, 9, '2023-11-30'),
(4856, 7, 'velya 1', 5, 29, 6, 27, 'G21', 0.7, 9, '2023-11-30'),
(4857, 7, 'velya 1', 5, 30, 6, 28, 'G22', 0.4, 9, '2023-11-30'),
(4858, 7, 'velya 1', 5, 31, 6, 29, 'G23', 0, 9, '2023-11-30'),
(4859, 7, 'velya 1', 5, 32, 7, 30, 'G24', 0, 9, '2023-11-30'),
(4860, 7, 'velya 1', 5, 33, 7, 31, 'G25', 0, 9, '2023-11-30'),
(4861, 7, 'velya 1', 5, 34, 7, 32, 'G26', 0, 9, '2023-11-30'),
(4862, 7, 'velya 1', 5, 35, 9, 33, 'G27', 0, 9, '2023-11-30'),
(4863, 7, 'velya 1', 5, 36, 9, 34, 'G28', 0, 9, '2023-11-30'),
(4864, 7, 'velya 1', 5, 37, 7, 35, 'G29', 0, 9, '2023-11-30'),
(4865, 7, 'velya 1', 5, 38, 9, 36, 'G30', 0, 9, '2023-11-30'),
(4866, 7, 'velya 2', 4, 5, 1, 4, 'G1', 0.7, 10, '2023-11-30'),
(4867, 7, 'velya 2', 4, 9, 1, 5, 'G2', 0, 10, '2023-11-30'),
(4868, 7, 'velya 2', 4, 10, 1, 6, 'G3', 0, 10, '2023-11-30'),
(4869, 7, 'velya 2', 4, 11, 1, 7, 'G4', 0.4, 10, '2023-11-30'),
(4870, 7, 'velya 2', 4, 12, 1, 8, 'G5', 0, 10, '2023-11-30'),
(4871, 7, 'velya 2', 4, 13, 2, 10, 'G6', 0.4, 10, '2023-11-30'),
(4872, 7, 'velya 2', 4, 14, 2, 11, 'G7', 0, 10, '2023-11-30'),
(4873, 7, 'velya 2', 4, 15, 2, 12, 'G8', 0.7, 10, '2023-11-30'),
(4874, 7, 'velya 2', 4, 16, 2, 13, 'G9', 0, 10, '2023-11-30'),
(4875, 7, 'velya 2', 4, 18, 3, 14, 'G10', 0, 10, '2023-11-30'),
(4876, 7, 'velya 2', 4, 19, 3, 15, 'G11', 0, 10, '2023-11-30'),
(4877, 7, 'velya 2', 4, 20, 4, 16, 'G12', 0.7, 10, '2023-11-30'),
(4878, 7, 'velya 2', 4, 21, 4, 17, 'G13', 0, 10, '2023-11-30'),
(4879, 7, 'velya 2', 4, 22, 4, 20, 'G14', 0, 10, '2023-11-30'),
(4880, 7, 'velya 2', 4, 23, 4, 21, 'G15', 0, 10, '2023-11-30'),
(4881, 7, 'velya 2', 4, 24, 5, 22, 'G16', 0, 10, '2023-11-30'),
(4882, 7, 'velya 2', 4, 25, 5, 23, 'G17', 0, 10, '2023-11-30'),
(4883, 7, 'velya 2', 4, 26, 5, 24, 'G18', 0, 10, '2023-11-30');
INSERT INTO `jawaban` (`id_jawaban`, `id_user`, `nama`, `usia`, `id_pertanyaan`, `id_kriteria`, `id_gejala`, `kode_gejala`, `cf_user`, `sesi`, `tanggal`) VALUES
(4884, 7, 'velya 2', 4, 27, 5, 25, 'G19', 0, 10, '2023-11-30'),
(4885, 7, 'velya 2', 4, 28, 6, 26, 'G20', 0.4, 10, '2023-11-30'),
(4886, 7, 'velya 2', 4, 29, 6, 27, 'G21', 0, 10, '2023-11-30'),
(4887, 7, 'velya 2', 4, 30, 6, 28, 'G22', 0, 10, '2023-11-30'),
(4888, 7, 'velya 2', 4, 31, 6, 29, 'G23', 0, 10, '2023-11-30'),
(4889, 7, 'velya 2', 4, 32, 7, 30, 'G24', 0, 10, '2023-11-30'),
(4890, 7, 'velya 2', 4, 33, 7, 31, 'G25', 0, 10, '2023-11-30'),
(4891, 7, 'velya 2', 4, 34, 7, 32, 'G26', 0, 10, '2023-11-30'),
(4892, 7, 'velya 2', 4, 35, 9, 33, 'G27', 0, 10, '2023-11-30'),
(4893, 7, 'velya 2', 4, 36, 9, 34, 'G28', 0, 10, '2023-11-30'),
(4894, 7, 'velya 2', 4, 37, 7, 35, 'G29', 0, 10, '2023-11-30'),
(4895, 7, 'velya 2', 4, 38, 9, 36, 'G30', 0, 10, '2023-11-30'),
(4896, 7, 'velya 3', 5, 5, 1, 4, 'G1', 0, 11, '2023-11-30'),
(4897, 7, 'velya 3', 5, 9, 1, 5, 'G2', 0, 11, '2023-11-30'),
(4898, 7, 'velya 3', 5, 10, 1, 6, 'G3', 0, 11, '2023-11-30'),
(4899, 7, 'velya 3', 5, 11, 1, 7, 'G4', 0.7, 11, '2023-11-30'),
(4900, 7, 'velya 3', 5, 12, 1, 8, 'G5', 0, 11, '2023-11-30'),
(4901, 7, 'velya 3', 5, 13, 2, 10, 'G6', 0.4, 11, '2023-11-30'),
(4902, 7, 'velya 3', 5, 14, 2, 11, 'G7', 0, 11, '2023-11-30'),
(4903, 7, 'velya 3', 5, 15, 2, 12, 'G8', 0, 11, '2023-11-30'),
(4904, 7, 'velya 3', 5, 16, 2, 13, 'G9', 0, 11, '2023-11-30'),
(4905, 7, 'velya 3', 5, 18, 3, 14, 'G10', 0.7, 11, '2023-11-30'),
(4906, 7, 'velya 3', 5, 19, 3, 15, 'G11', 0.7, 11, '2023-11-30'),
(4907, 7, 'velya 3', 5, 20, 4, 16, 'G12', 0, 11, '2023-11-30'),
(4908, 7, 'velya 3', 5, 21, 4, 17, 'G13', 0, 11, '2023-11-30'),
(4909, 7, 'velya 3', 5, 22, 4, 20, 'G14', 0, 11, '2023-11-30'),
(4910, 7, 'velya 3', 5, 23, 4, 21, 'G15', 0, 11, '2023-11-30'),
(4911, 7, 'velya 3', 5, 24, 5, 22, 'G16', 0, 11, '2023-11-30'),
(4912, 7, 'velya 3', 5, 25, 5, 23, 'G17', 0, 11, '2023-11-30'),
(4913, 7, 'velya 3', 5, 26, 5, 24, 'G18', 0, 11, '2023-11-30'),
(4914, 7, 'velya 3', 5, 27, 5, 25, 'G19', 0, 11, '2023-11-30'),
(4915, 7, 'velya 3', 5, 28, 6, 26, 'G20', 0, 11, '2023-11-30'),
(4916, 7, 'velya 3', 5, 29, 6, 27, 'G21', 0, 11, '2023-11-30'),
(4917, 7, 'velya 3', 5, 30, 6, 28, 'G22', 0, 11, '2023-11-30'),
(4918, 7, 'velya 3', 5, 31, 6, 29, 'G23', 0.4, 11, '2023-11-30'),
(4919, 7, 'velya 3', 5, 32, 7, 30, 'G24', 0, 11, '2023-11-30'),
(4920, 7, 'velya 3', 5, 33, 7, 31, 'G25', 0, 11, '2023-11-30'),
(4921, 7, 'velya 3', 5, 34, 7, 32, 'G26', 0, 11, '2023-11-30'),
(4922, 7, 'velya 3', 5, 35, 9, 33, 'G27', 0, 11, '2023-11-30'),
(4923, 7, 'velya 3', 5, 36, 9, 34, 'G28', 0, 11, '2023-11-30'),
(4924, 7, 'velya 3', 5, 37, 7, 35, 'G29', 0, 11, '2023-11-30'),
(4925, 7, 'velya 3', 5, 38, 9, 36, 'G30', 0, 11, '2023-11-30'),
(4926, 7, 'velya 4', 5, 5, 1, 4, 'G1', 0.4, 12, '2023-11-30'),
(4927, 7, 'velya 4', 5, 9, 1, 5, 'G2', 0, 12, '2023-11-30'),
(4928, 7, 'velya 4', 5, 10, 1, 6, 'G3', 0, 12, '2023-11-30'),
(4929, 7, 'velya 4', 5, 11, 1, 7, 'G4', 0.4, 12, '2023-11-30'),
(4930, 7, 'velya 4', 5, 12, 1, 8, 'G5', 0, 12, '2023-11-30'),
(4931, 7, 'velya 4', 5, 13, 2, 10, 'G6', 0, 12, '2023-11-30'),
(4932, 7, 'velya 4', 5, 14, 2, 11, 'G7', 0, 12, '2023-11-30'),
(4933, 7, 'velya 4', 5, 15, 2, 12, 'G8', 0.7, 12, '2023-11-30'),
(4934, 7, 'velya 4', 5, 16, 2, 13, 'G9', 0, 12, '2023-11-30'),
(4935, 7, 'velya 4', 5, 18, 3, 14, 'G10', 0, 12, '2023-11-30'),
(4936, 7, 'velya 4', 5, 19, 3, 15, 'G11', 0, 12, '2023-11-30'),
(4937, 7, 'velya 4', 5, 20, 4, 16, 'G12', 0, 12, '2023-11-30'),
(4938, 7, 'velya 4', 5, 21, 4, 17, 'G13', 0.4, 12, '2023-11-30'),
(4939, 7, 'velya 4', 5, 22, 4, 20, 'G14', 0.7, 12, '2023-11-30'),
(4940, 7, 'velya 4', 5, 23, 4, 21, 'G15', 0, 12, '2023-11-30'),
(4941, 7, 'velya 4', 5, 24, 5, 22, 'G16', 0, 12, '2023-11-30'),
(4942, 7, 'velya 4', 5, 25, 5, 23, 'G17', 0, 12, '2023-11-30'),
(4943, 7, 'velya 4', 5, 26, 5, 24, 'G18', 0, 12, '2023-11-30'),
(4944, 7, 'velya 4', 5, 27, 5, 25, 'G19', 0, 12, '2023-11-30'),
(4945, 7, 'velya 4', 5, 28, 6, 26, 'G20', 0, 12, '2023-11-30'),
(4946, 7, 'velya 4', 5, 29, 6, 27, 'G21', 0, 12, '2023-11-30'),
(4947, 7, 'velya 4', 5, 30, 6, 28, 'G22', 0, 12, '2023-11-30'),
(4948, 7, 'velya 4', 5, 31, 6, 29, 'G23', 0, 12, '2023-11-30'),
(4949, 7, 'velya 4', 5, 32, 7, 30, 'G24', 0.4, 12, '2023-11-30'),
(4950, 7, 'velya 4', 5, 33, 7, 31, 'G25', 0.7, 12, '2023-11-30'),
(4951, 7, 'velya 4', 5, 34, 7, 32, 'G26', 0, 12, '2023-11-30'),
(4952, 7, 'velya 4', 5, 35, 9, 33, 'G27', 0, 12, '2023-11-30'),
(4953, 7, 'velya 4', 5, 36, 9, 34, 'G28', 0, 12, '2023-11-30'),
(4954, 7, 'velya 4', 5, 37, 7, 35, 'G29', 0, 12, '2023-11-30'),
(4955, 7, 'velya 4', 5, 38, 9, 36, 'G30', 0, 12, '2023-11-30'),
(4956, 7, 'velya 5', 5, 5, 1, 4, 'G1', 0, 13, '2023-11-30'),
(4957, 7, 'velya 5', 5, 9, 1, 5, 'G2', 0, 13, '2023-11-30'),
(4958, 7, 'velya 5', 5, 10, 1, 6, 'G3', 0, 13, '2023-11-30'),
(4959, 7, 'velya 5', 5, 11, 1, 7, 'G4', 0, 13, '2023-11-30'),
(4960, 7, 'velya 5', 5, 12, 1, 8, 'G5', 0, 13, '2023-11-30'),
(4961, 7, 'velya 5', 5, 13, 2, 10, 'G6', 0, 13, '2023-11-30'),
(4962, 7, 'velya 5', 5, 14, 2, 11, 'G7', 0, 13, '2023-11-30'),
(4963, 7, 'velya 5', 5, 15, 2, 12, 'G8', 0, 13, '2023-11-30'),
(4964, 7, 'velya 5', 5, 16, 2, 13, 'G9', 0, 13, '2023-11-30'),
(4965, 7, 'velya 5', 5, 18, 3, 14, 'G10', 0, 13, '2023-11-30'),
(4966, 7, 'velya 5', 5, 19, 3, 15, 'G11', 0, 13, '2023-11-30'),
(4967, 7, 'velya 5', 5, 20, 4, 16, 'G12', 0.7, 13, '2023-11-30'),
(4968, 7, 'velya 5', 5, 21, 4, 17, 'G13', 0, 13, '2023-11-30'),
(4969, 7, 'velya 5', 5, 22, 4, 20, 'G14', 0, 13, '2023-11-30'),
(4970, 7, 'velya 5', 5, 23, 4, 21, 'G15', 0, 13, '2023-11-30'),
(4971, 7, 'velya 5', 5, 24, 5, 22, 'G16', 0, 13, '2023-11-30'),
(4972, 7, 'velya 5', 5, 25, 5, 23, 'G17', 0, 13, '2023-11-30'),
(4973, 7, 'velya 5', 5, 26, 5, 24, 'G18', 0, 13, '2023-11-30'),
(4974, 7, 'velya 5', 5, 27, 5, 25, 'G19', 0.4, 13, '2023-11-30'),
(4975, 7, 'velya 5', 5, 28, 6, 26, 'G20', 0, 13, '2023-11-30'),
(4976, 7, 'velya 5', 5, 29, 6, 27, 'G21', 0, 13, '2023-11-30'),
(4977, 7, 'velya 5', 5, 30, 6, 28, 'G22', 0, 13, '2023-11-30'),
(4978, 7, 'velya 5', 5, 31, 6, 29, 'G23', 0, 13, '2023-11-30'),
(4979, 7, 'velya 5', 5, 32, 7, 30, 'G24', 0.4, 13, '2023-11-30'),
(4980, 7, 'velya 5', 5, 33, 7, 31, 'G25', 0, 13, '2023-11-30'),
(4981, 7, 'velya 5', 5, 34, 7, 32, 'G26', 0, 13, '2023-11-30'),
(4982, 7, 'velya 5', 5, 35, 9, 33, 'G27', 0, 13, '2023-11-30'),
(4983, 7, 'velya 5', 5, 36, 9, 34, 'G28', 0, 13, '2023-11-30'),
(4984, 7, 'velya 5', 5, 37, 7, 35, 'G29', 0, 13, '2023-11-30'),
(4985, 7, 'velya 5', 5, 38, 9, 36, 'G30', 0.7, 13, '2023-11-30'),
(4986, 7, 'velya 6', 4, 5, 1, 4, 'G1', 0, 14, '2023-11-30'),
(4987, 7, 'velya 6', 4, 9, 1, 5, 'G2', 0, 14, '2023-11-30'),
(4988, 7, 'velya 6', 4, 10, 1, 6, 'G3', 0, 14, '2023-11-30'),
(4989, 7, 'velya 6', 4, 11, 1, 7, 'G4', 0.7, 14, '2023-11-30'),
(4990, 7, 'velya 6', 4, 12, 1, 8, 'G5', 0, 14, '2023-11-30'),
(4991, 7, 'velya 6', 4, 13, 2, 10, 'G6', 0, 14, '2023-11-30'),
(4992, 7, 'velya 6', 4, 14, 2, 11, 'G7', 0, 14, '2023-11-30'),
(4993, 7, 'velya 6', 4, 15, 2, 12, 'G8', 0, 14, '2023-11-30'),
(4994, 7, 'velya 6', 4, 16, 2, 13, 'G9', 0, 14, '2023-11-30'),
(4995, 7, 'velya 6', 4, 18, 3, 14, 'G10', 0, 14, '2023-11-30'),
(4996, 7, 'velya 6', 4, 19, 3, 15, 'G11', 0.4, 14, '2023-11-30'),
(4997, 7, 'velya 6', 4, 20, 4, 16, 'G12', 0, 14, '2023-11-30'),
(4998, 7, 'velya 6', 4, 21, 4, 17, 'G13', 0, 14, '2023-11-30'),
(4999, 7, 'velya 6', 4, 22, 4, 20, 'G14', 0, 14, '2023-11-30'),
(5000, 7, 'velya 6', 4, 23, 4, 21, 'G15', 0, 14, '2023-11-30'),
(5001, 7, 'velya 6', 4, 24, 5, 22, 'G16', 0, 14, '2023-11-30'),
(5002, 7, 'velya 6', 4, 25, 5, 23, 'G17', 0, 14, '2023-11-30'),
(5003, 7, 'velya 6', 4, 26, 5, 24, 'G18', 0, 14, '2023-11-30'),
(5004, 7, 'velya 6', 4, 27, 5, 25, 'G19', 0, 14, '2023-11-30'),
(5005, 7, 'velya 6', 4, 28, 6, 26, 'G20', 0, 14, '2023-11-30'),
(5006, 7, 'velya 6', 4, 29, 6, 27, 'G21', 0, 14, '2023-11-30'),
(5007, 7, 'velya 6', 4, 30, 6, 28, 'G22', 0, 14, '2023-11-30'),
(5008, 7, 'velya 6', 4, 31, 6, 29, 'G23', 0, 14, '2023-11-30'),
(5009, 7, 'velya 6', 4, 32, 7, 30, 'G24', 0, 14, '2023-11-30'),
(5010, 7, 'velya 6', 4, 33, 7, 31, 'G25', 0, 14, '2023-11-30'),
(5011, 7, 'velya 6', 4, 34, 7, 32, 'G26', 0, 14, '2023-11-30'),
(5012, 7, 'velya 6', 4, 35, 9, 33, 'G27', 0, 14, '2023-11-30'),
(5013, 7, 'velya 6', 4, 36, 9, 34, 'G28', 0.4, 14, '2023-11-30'),
(5014, 7, 'velya 6', 4, 37, 7, 35, 'G29', 0.4, 14, '2023-11-30'),
(5015, 7, 'velya 6', 4, 38, 9, 36, 'G30', 0, 14, '2023-11-30'),
(5016, 7, '', 0, 5, 1, 4, 'G1', 0, 15, '2023-11-30'),
(5017, 7, 'pia', 4, 5, 1, 4, 'G1', 0, 16, '2023-11-30'),
(5018, 7, '', 0, 5, 1, 4, 'G1', 0, 17, '2023-11-30'),
(5019, 7, '', 0, 9, 1, 5, 'G2', 0, 17, '2023-11-30'),
(5020, 7, '', 0, 5, 1, 4, 'G1', 0, 18, '2023-11-30'),
(5021, 7, '', 0, 5, 1, 4, 'G1', 0.4, 19, '2023-12-08'),
(5022, 7, '', 0, 9, 1, 5, 'G2', 0.4, 19, '2023-12-08'),
(5023, 7, '', 0, 10, 1, 6, 'G3', 0.7, 19, '2023-12-08'),
(5024, 7, '', 0, 11, 1, 7, 'G4', 0.7, 19, '2023-12-08'),
(5025, 7, '', 0, 12, 1, 8, 'G5', 0, 19, '2023-12-08'),
(5026, 7, '', 0, 13, 2, 10, 'G6', 0, 19, '2023-12-08'),
(5027, 7, '', 0, 14, 2, 11, 'G7', 0.4, 19, '2023-12-08'),
(5028, 7, '', 0, 15, 2, 12, 'G8', 0, 19, '2023-12-08'),
(5029, 7, '', 0, 16, 2, 13, 'G9', 0.4, 19, '2023-12-08'),
(5030, 7, '', 0, 18, 3, 14, 'G10', 0.4, 19, '2023-12-08'),
(5031, 7, '', 0, 19, 3, 15, 'G11', 0.7, 19, '2023-12-08'),
(5032, 7, '', 0, 20, 4, 16, 'G12', 0.7, 19, '2023-12-08'),
(5033, 7, '', 0, 21, 4, 17, 'G13', 0.7, 19, '2023-12-08'),
(5034, 7, '', 0, 22, 4, 20, 'G14', 0.7, 19, '2023-12-08'),
(5035, 7, '', 0, 23, 4, 21, 'G15', 0.4, 19, '2023-12-08'),
(5036, 7, '', 0, 24, 5, 22, 'G16', 0, 19, '2023-12-08'),
(5037, 7, '', 0, 25, 5, 23, 'G17', 0, 19, '2023-12-08'),
(5038, 7, '', 0, 26, 5, 24, 'G18', 0.4, 19, '2023-12-08'),
(5039, 7, '', 0, 27, 5, 25, 'G19', 0.4, 19, '2023-12-08'),
(5040, 7, '', 0, 28, 6, 26, 'G20', 0, 19, '2023-12-08'),
(5041, 7, '', 0, 29, 6, 27, 'G21', 0, 19, '2023-12-08'),
(5042, 7, '', 0, 30, 6, 28, 'G22', 0.4, 19, '2023-12-08'),
(5043, 7, '', 0, 31, 6, 29, 'G23', 0.7, 19, '2023-12-08'),
(5044, 7, '', 0, 32, 7, 30, 'G24', 0, 19, '2023-12-08'),
(5045, 7, '', 0, 33, 7, 31, 'G25', 0.4, 19, '2023-12-08'),
(5046, 7, '', 0, 34, 7, 32, 'G26', 0.7, 19, '2023-12-08'),
(5047, 7, '', 0, 35, 9, 33, 'G27', 0.7, 19, '2023-12-08'),
(5048, 7, '', 0, 36, 9, 34, 'G28', 0, 19, '2023-12-08'),
(5049, 7, '', 0, 37, 7, 35, 'G29', 0, 19, '2023-12-08'),
(5050, 7, '', 0, 38, 9, 36, 'G30', 0.4, 19, '2023-12-08'),
(5051, 3, 'pia', 4, 5, 1, 4, 'G1', 0.7, 9, '2023-12-24'),
(5052, 3, 'pia', 4, 9, 1, 5, 'G2', 0, 9, '2023-12-24'),
(5053, 3, 'pia', 4, 10, 1, 6, 'G3', 0.7, 9, '2023-12-24'),
(5054, 3, 'pia', 4, 11, 1, 7, 'G4', 0, 9, '2023-12-24'),
(5055, 3, 'pia', 4, 12, 1, 8, 'G5', 0.7, 9, '2023-12-24'),
(5056, 3, 'pia', 4, 13, 2, 10, 'G6', 0.7, 9, '2023-12-24'),
(5057, 3, 'pia', 4, 14, 2, 11, 'G7', 0.4, 9, '2023-12-24'),
(5058, 3, 'pia', 4, 15, 2, 12, 'G8', 0, 9, '2023-12-24'),
(5059, 3, 'pia', 4, 16, 2, 13, 'G9', 0, 9, '2023-12-24'),
(5060, 3, 'pia', 4, 18, 3, 14, 'G10', 0, 9, '2023-12-24'),
(5061, 3, 'pia', 4, 19, 3, 15, 'G11', 0.7, 9, '2023-12-24'),
(5062, 3, 'pia', 4, 20, 4, 16, 'G12', 0, 9, '2023-12-24'),
(5063, 3, 'pia', 4, 21, 4, 17, 'G13', 0, 9, '2023-12-24'),
(5064, 3, 'pia', 4, 22, 4, 20, 'G14', 0, 9, '2023-12-24'),
(5065, 3, 'pia', 4, 23, 4, 21, 'G15', 0, 9, '2023-12-24'),
(5066, 3, 'pia', 4, 24, 5, 22, 'G16', 0.7, 9, '2023-12-24'),
(5067, 3, 'pia', 4, 25, 5, 23, 'G17', 0.4, 9, '2023-12-24'),
(5068, 3, 'pia', 4, 26, 5, 24, 'G18', 0.4, 9, '2023-12-24'),
(5069, 3, 'pia', 4, 27, 5, 25, 'G19', 0, 9, '2023-12-24'),
(5070, 3, 'pia', 4, 28, 6, 26, 'G20', 0, 9, '2023-12-24'),
(5071, 3, 'pia', 4, 29, 6, 27, 'G21', 0.4, 9, '2023-12-24'),
(5072, 3, 'pia', 4, 30, 6, 28, 'G22', 0, 9, '2023-12-24'),
(5073, 3, 'pia', 4, 31, 6, 29, 'G23', 0, 9, '2023-12-24'),
(5074, 3, 'pia', 4, 32, 7, 30, 'G24', 0.4, 9, '2023-12-24'),
(5075, 3, 'pia', 4, 33, 7, 31, 'G25', 0.7, 9, '2023-12-24'),
(5076, 3, 'pia', 4, 34, 7, 32, 'G26', 0, 9, '2023-12-24'),
(5077, 3, 'pia', 4, 35, 9, 33, 'G27', 0.7, 9, '2023-12-24'),
(5078, 3, 'pia', 4, 36, 9, 34, 'G28', 0.4, 9, '2023-12-24'),
(5079, 3, 'pia', 4, 37, 7, 35, 'G29', 0, 9, '2023-12-24'),
(5080, 3, 'pia', 4, 38, 9, 36, 'G30', 0.4, 9, '2023-12-24'),
(5081, 7, 'devano', 5, 5, 1, 4, 'G1', 0.7, 20, '2023-12-29'),
(5082, 7, 'devano', 5, 9, 1, 5, 'G2', 0.7, 20, '2023-12-29'),
(5083, 7, 'devano', 5, 10, 1, 6, 'G3', 0.7, 20, '2023-12-29'),
(5084, 7, 'devano', 5, 11, 1, 7, 'G4', 0.4, 20, '2023-12-29'),
(5085, 7, 'devano', 5, 12, 1, 8, 'G5', 0.7, 20, '2023-12-29'),
(5086, 7, 'devano', 5, 13, 2, 10, 'G6', 0.7, 20, '2023-12-29'),
(5087, 7, 'devano', 5, 14, 2, 11, 'G7', 0, 20, '2023-12-29'),
(5088, 7, 'devano', 5, 15, 2, 12, 'G8', 0.4, 20, '2023-12-29'),
(5089, 7, 'devano', 5, 16, 2, 13, 'G9', 0, 20, '2023-12-29'),
(5090, 7, 'devano', 5, 18, 3, 14, 'G10', 0.7, 20, '2023-12-29'),
(5091, 7, 'devano', 5, 19, 3, 15, 'G11', 1, 20, '2023-12-29'),
(5092, 7, 'devano', 5, 20, 4, 16, 'G12', 0.4, 20, '2023-12-29'),
(5093, 7, 'devano', 5, 21, 4, 17, 'G13', 0.7, 20, '2023-12-29'),
(5094, 7, 'devano', 5, 22, 4, 20, 'G14', 0.7, 20, '2023-12-29'),
(5095, 7, 'devano', 5, 23, 4, 21, 'G15', 0, 20, '2023-12-29'),
(5096, 7, 'devano', 5, 24, 5, 22, 'G16', 0.7, 20, '2023-12-29'),
(5097, 7, 'devano', 5, 25, 5, 23, 'G17', 0, 20, '2023-12-29'),
(5098, 7, 'devano', 5, 26, 5, 24, 'G18', 0.7, 20, '2023-12-29'),
(5099, 7, 'devano', 5, 27, 5, 25, 'G19', 0.4, 20, '2023-12-29'),
(5100, 7, 'devano', 5, 28, 6, 26, 'G20', 0.7, 20, '2023-12-29'),
(5101, 7, 'devano', 5, 29, 6, 27, 'G21', 0.4, 20, '2023-12-29'),
(5102, 7, 'devano', 5, 30, 6, 28, 'G22', 0, 20, '2023-12-29'),
(5103, 7, 'devano', 5, 31, 6, 29, 'G23', 0, 20, '2023-12-29'),
(5104, 7, 'devano', 5, 32, 7, 30, 'G24', 0, 20, '2023-12-29'),
(5105, 7, 'devano', 5, 33, 7, 31, 'G25', 0.4, 20, '2023-12-29'),
(5106, 7, 'devano', 5, 34, 7, 32, 'G26', 0.4, 20, '2023-12-29'),
(5107, 7, 'devano', 5, 35, 9, 33, 'G27', 0.4, 20, '2023-12-29'),
(5108, 7, 'devano', 5, 36, 9, 34, 'G28', 0.4, 20, '2023-12-29'),
(5109, 7, 'devano', 5, 37, 7, 35, 'G29', 0.4, 20, '2023-12-29'),
(5110, 7, 'devano', 5, 38, 9, 36, 'G30', 0, 20, '2023-12-29'),
(5111, 7, '', 0, 5, 1, 4, 'G1', 0.4, 21, '2024-01-02');

-- --------------------------------------------------------

--
-- Struktur dari tabel `kriteria`
--

CREATE TABLE `kriteria` (
  `id_kriteria` int(11) NOT NULL,
  `kode_kriteria` varchar(25) DEFAULT NULL,
  `nama_kriteria` varchar(50) DEFAULT NULL,
  `deskripsi` text DEFAULT NULL,
  `stimulasi` text NOT NULL
) ENGINE=InnoDB DEFAULT CHARSET=utf8mb4;

--
-- Dumping data untuk tabel `kriteria`
--

INSERT INTO `kriteria` (`id_kriteria`, `kode_kriteria`, `nama_kriteria`, `deskripsi`, `stimulasi`) VALUES
(1, 'K1', 'Linguistik-Verbal', 'Kecerdasan Linguistik (Bahasa) adalah kemampuan seseorang  untuk menggunakan bahasa dan kata-kata secara efektif, baik  secara tertulis maupun lisan, dalam berbagai bentuk yang berbeda  untuk mengekspresikan gagasan-gagasannya.', 'dapat memberikan buku cerita yang variatif berikan fast chard huruf rutin membacakan buku cerita melakukan dialog bersama'),
(2, 'K2', 'Logika-Matematika', 'Kecerdasan Logika (Matematika) berkaitan dengan kemahiran  seseorang dalam menggunakan logika atau penalaran,  menggunakan bilangan, dan dalam berpikir kritis.', 'Latihan permainan balok Lego dan berhubungan dengan angka  bermain yang menghabiskan berhitung atau mengukur atau mencari benda hilang mengelompokkan benda membandingkan benda dalam melakukan percobaan sains sederhana dapat mengajak anak ke outing ke museum'),
(3, 'K3', 'Visual-Spacial', 'Kecerdasan Visual Spasial (Imajinasi) berkaitan dengan  kemampuan seseorang dalam memvisualisasikan gambar di  dalam benak mereka, menangkap dunia ruang visual secara tepat  atau berhubungan dengan kemampuan indera pandang dan  berimajinasi.', 'Membiarkan ia eksplorasi menggambar dengan berbagai media yang ada di lingkungan sekitar berikan buku bergambar ajak ia mengunjungi museum seni atau menuangkan imajinasi ke dalam gambar atau Karya'),
(4, 'K4', 'Musical', 'Kecerdasan Musical (Musik) berkaitan dengan kepekaan  seseorang terhadap suara, ritme, nada, dan musik.', 'mendengarkan berbagai jenis aliran musik mengajak mencoba memainkan berbagai alat musik bernyanyi bersama penonton pertunjukan musik'),
(5, 'K5', 'Kinestetik', 'Kecerdasan Musical (Musik) berkaitan dengan kepekaan  seseorang terhadap suara, ritme, nada, dan musik.', 'Mengajak olahraga rutin eksplorasi permainan outdoor'),
(6, 'K6', 'Interpersonal', 'Kecerdasan Interpersonal (Antara pribadi) berkaitan dengan  kemampuan seseorang dalam memahami, berinteraksi, dan  bekerja sama dengan orang lain.', 'sering mengajak keluar untuk bermain bersama teman-teman atau sering mengajak keluar untuk bermain bersama keluarga besar. Menceritakan pengalaman-pengalaman rasa bahagia dan sedih dalam pengalaman itu ada rasa takut atau perasaan yang lainnyayang sedang dipikiran oleh anak '),
(7, 'K7', 'Intrapersonal', 'Kecerdasan Intrapersonal (Intropeksi) berkaitan dengan  kemampuan seseorang dalam hubungannya dengan kapasitas  introspektif, memiliki pemahaman yang mendalam tentang diri  mereka sendiri, apa kekuatan atau kelemahan dirinya, dan apa  yang membuat dirinya unik.', 'Sering berdiskusi tentang perasaannya dan pendapatnya berikan ia ruang yang nyaman untuk melakukan hobinya. Mengajak anak yoga dan meditasi '),
(9, 'K8', 'Naturalisme', 'Kecerdasan Naturalis (Alami) berkaitan dengan kepekaan  seseorang dalam menghadapi fenomena alam.', 'mengajak eksplorasi di alam bebas sambil mengajaknnya berdiskusi yang bermakna');

-- --------------------------------------------------------

--
-- Struktur dari tabel `pakar`
--

CREATE TABLE `pakar` (
  `id` int(11) UNSIGNED NOT NULL,
  `kode_kriteria` varchar(10) NOT NULL,
  `kode_gejala` varchar(10) NOT NULL,
  `cf_pakar` float NOT NULL
) ENGINE=InnoDB DEFAULT CHARSET=utf8mb4;

--
-- Dumping data untuk tabel `pakar`
--

INSERT INTO `pakar` (`id`, `kode_kriteria`, `kode_gejala`, `cf_pakar`) VALUES
(38, 'K1', 'G1', 0.7),
(39, 'K1', 'G2', 0.4),
(40, 'K1', 'G3', 0.7),
(41, 'K1', 'G4', 1),
(42, 'K1', 'G5', 0.7),
(43, 'K2', 'G2', 1),
(44, 'K2', 'G6', 0.7),
(45, 'K2', 'G7', 0.4),
(46, 'K2', 'G8', 0.7),
(47, 'K2', 'G9', 0.4),
(48, 'K3', 'G3', 0.4),
(49, 'K3', 'G9', 0.7),
(50, 'K3', 'G10', 0.7),
(51, 'K3', 'G11', 0.4),
(52, 'K4', 'G12', 0.4),
(53, 'K4', 'G13', 0.4),
(54, 'K4', 'G14', 0.7),
(55, 'K4', 'G15', 0.4),
(56, 'K5', 'G16', 0.4),
(57, 'K5', 'G17', 0.7),
(58, 'K5', 'G18', 0.4),
(59, 'K5', 'G19', 1),
(60, 'K6', 'G5', 1),
(61, 'K6', 'G20', 0.4),
(62, 'K6', 'G21', 0.7),
(63, 'K6', 'G22', 0.4),
(64, 'K6', 'G23', 1),
(65, 'K7', 'G2', 0.4),
(66, 'K7', 'G7', 0.4),
(67, 'K7', 'G15', 0.4),
(68, 'K7', 'G24', 0.7),
(69, 'K7', 'G25', 0.7),
(70, 'K7', 'G26', 1),
(71, 'K8', 'G27', 0.4),
(72, 'K8', 'G28', 0.4),
(73, 'K8', 'G29', 0.7),
(74, 'K8', 'G30', 0.1);

-- --------------------------------------------------------

--
-- Struktur dari tabel `pertanyaan`
--

CREATE TABLE `pertanyaan` (
  `id_pertanyaan` int(11) NOT NULL,
  `id_gejala` int(11) DEFAULT NULL,
  `id_kriteria` int(11) DEFAULT NULL,
  `kode_gejala` varchar(25) NOT NULL,
  `kode_pertanyaan` varchar(25) DEFAULT NULL,
  `pertanyaan` tinytext DEFAULT NULL
) ENGINE=InnoDB DEFAULT CHARSET=utf8mb4;

--
-- Dumping data untuk tabel `pertanyaan`
--

INSERT INTO `pertanyaan` (`id_pertanyaan`, `id_gejala`, `id_kriteria`, `kode_gejala`, `kode_pertanyaan`, `pertanyaan`) VALUES
(5, 4, 1, 'G1', 'KP-01', 'Apakah Anak Suka Bercerita ?'),
(9, 5, 1, 'G2', 'KP-02', 'Apakah Anak Suka Membaca ?'),
(10, 6, 1, 'G3', 'KP-03', 'Apakah Anak Suka Menulis ?'),
(11, 7, 1, 'G4', 'KP-04', 'Apakah Anak Suka Memecahkan Teka Teki ?'),
(12, 8, 1, 'G5', 'KP-05', 'Apakah Anak Gemar Berdebat ?'),
(13, 10, 2, 'G6', 'KP-06', 'Apakah Anak Suka Dengan Permainan Catur ?'),
(14, 11, 2, 'G7', 'KP-07', 'Apakah Anak Suka Buku Ilmu Pengetahuan ?'),
(15, 12, 2, 'G8', 'KP-08', 'Apakah Anak Suka Berhitung Tanpa Alat Bantu ?'),
(16, 13, 2, 'G9', 'KP-09', 'Apakah Anak Suka Permainan Gambar Atau 3D ?'),
(18, 14, 3, 'G10', 'KP-10', 'Apakah Anak Mudah Mengenali Pola dan Berimajinasi ?'),
(19, 15, 3, 'G11', 'KP-11', 'Apakah Anak Suka Menggambar ?'),
(20, 16, 4, 'G12', 'KP-12', 'Apakah Anak Bisa Memainkan Alat Musik ?'),
(21, 17, 4, 'G13', 'KP-13', 'Apakah Anak Suka Bernyanyi ?'),
(22, 20, 4, 'G14', 'KP-14', 'Apakah Anak Suka Mendengarkan Musik ?'),
(23, 21, 4, 'G15', 'KP-15', 'Apakah Anak Suka Belajar Di Iringi Musik ?'),
(24, 22, 5, 'G16', 'KP-16', 'Apakah Anak Suka Melakukan Kegiatan Fisik ?'),
(25, 23, 5, 'G17', 'KP-17', 'Apakah Anak Suka Menari ?'),
(26, 24, 5, 'G18', 'KP-18', 'Apakah Anak Suka Olahraga atau Bela Diri ?'),
(27, 25, 5, 'G19', 'KP-19', 'Apakah Anak Suka Menirukan Gerak Tubuh Untuk Bicara ?'),
(28, 26, 6, 'G20', 'KP-20', 'Apakah Anak Suka Bekerja Sama Dengan Orang Lain ?'),
(29, 27, 6, 'G21', 'KP-21', 'Apakah Anak Suka Berkenalan Dengan Orang Baru ? '),
(30, 28, 6, 'G22', 'KP-22', 'Apakah Anak Suka Bergaul atau Bersosialisasi ?'),
(31, 29, 6, 'G23', 'KP-23', 'Apakah Anak Memiliki Empati Yang Tinggi ?'),
(32, 30, 7, 'G24', 'KP-24', 'Apakah Anak Suka Belajar Sendiri Maupun Bermain ?'),
(33, 31, 7, 'G25', 'KP-25', 'Apakah Anak Suka Keadaan Tenang ?'),
(34, 32, 7, 'G26', 'KP-26', 'Apakah Anak Suka Hobi Yang Bersifat Pribadi ?'),
(35, 33, 9, 'G27', 'KP-27', 'Apakah Anak Suka Dengan Binatang ?'),
(36, 34, 9, 'G28', 'KP-28', 'Apakah Anak Suka Bejalan - Jalan Di Taman ?'),
(37, 35, 7, 'G29', 'KP-29', 'Apakah Anak Suka Berkebun ?'),
(38, 36, 9, 'G30', 'KP-30', 'Apakah Anak Suka Berkemah ?');

-- --------------------------------------------------------

--
-- Struktur dari tabel `user`
--

CREATE TABLE `user` (
  `id_user` int(11) NOT NULL,
  `username` varchar(40) DEFAULT NULL,
  `password` varchar(40) DEFAULT NULL,
  `nama` varchar(45) DEFAULT NULL,
  `alamat` varchar(70) DEFAULT NULL,
  `jenis_kelamin` enum('laki-laki','perempuan') DEFAULT NULL,
  `email` varchar(20) DEFAULT NULL,
  `tlp` int(20) DEFAULT NULL,
  `level` enum('admin','user') DEFAULT NULL
) ENGINE=InnoDB DEFAULT CHARSET=utf8mb4;

--
-- Dumping data untuk tabel `user`
--

INSERT INTO `user` (`id_user`, `username`, `password`, `nama`, `alamat`, `jenis_kelamin`, `email`, `tlp`, `level`) VALUES
(1, 'admin', '21232f297a57a5a743894a0e4a801fc3', 'admin', 'cirebon', 'perempuan', 'admin@gmail.com', 238572345, 'admin'),
(3, 'velya', 'ee11cbb19052e40b07aac0ca060c23ee', 'Velya', 'cirebon', 'perempuan', 'user@gmail.com', 2934092, 'user'),
(4, 'inamfalahuddin', '598147631c57ef841def7ae8ed9a87da', 'In\'am Falahuddin', 'kudumulya ', 'perempuan', 'inam@mail.com', 2147483647, 'user'),
(7, 'pia', '32adf050226995bf2311421ebe0698e0', 'pia', 'palir tengah tani', 'perempuan', 'pia@gmail.com', 2147483647, 'user'),
(8, 'slamet', 'c5a42d9667c760e1b7c064e25536e570', 'slamet', 'palir', 'laki-laki', 'slamet@gmail.com', 2147483647, 'user');

-- --------------------------------------------------------

--
-- Struktur dari tabel `variabel`
--

CREATE TABLE `variabel` (
  `id_variabel` int(11) NOT NULL,
  `kode_kriteria` varchar(25) NOT NULL,
  `kode_gejala` varchar(25) NOT NULL,
  `cf_pakar` float NOT NULL
) ENGINE=InnoDB DEFAULT CHARSET=utf8mb4;

--
-- Dumping data untuk tabel `variabel`
--

INSERT INTO `variabel` (`id_variabel`, `kode_kriteria`, `kode_gejala`, `cf_pakar`) VALUES
(95, 'K1', 'G1', 0.2),
(96, 'K1', 'G2', 0.5),
(97, 'K1', 'G3', 0.6),
(98, 'K1', 'G4', 0.4),
(99, 'K1', 'G5', 0.2),
(100, 'K2', 'G2', 0.5),
(101, 'K2', 'G6', 0.6),
(102, 'K2', 'G7', 0.5),
(103, 'K2', 'G8', 0.4),
(104, 'K2', 'G9', 0.5),
(105, 'K3', 'G3', 0.6),
(106, 'K3', 'G9', 0.5),
(107, 'K3', 'G10', 0.2),
(108, 'K3', 'G11', 0.4),
(109, 'K4', 'G12', 0.8),
(110, 'K4', 'G13', 0.6),
(111, 'K4', 'G14', 0.2),
(112, 'K4', 'G15', 0.4),
(113, 'K5', 'G16', 0.4),
(114, 'K5', 'G17', 0.8),
(115, 'K5', 'G18', 0.6),
(116, 'K5', 'G19', 0.2),
(117, 'K6', 'G5', 0.2),
(118, 'K6', 'G20', 0.4),
(119, 'K6', 'G21', 0.2),
(120, 'K6', 'G22', 0.5),
(121, 'K6', 'G23', 0.8),
(122, 'K7', 'G2', 0.5),
(123, 'K7', 'G7', 0.5),
(124, 'K7', 'G15', 0.4),
(125, 'K7', 'G24', 0.5),
(126, 'K7', 'G25', 0.2),
(127, 'K7', 'G26', 0.4),
(128, 'K8', 'G27', 0.2),
(129, 'K8', 'G28', 0.5),
(130, 'K8', 'G29', 0.6),
(131, 'K8', 'G30', 0.4);

--
-- Indexes for dumped tables
--

--
-- Indeks untuk tabel `gejala`
--
ALTER TABLE `gejala`
  ADD PRIMARY KEY (`id_gejala`);

--
-- Indeks untuk tabel `hasil`
--
ALTER TABLE `hasil`
  ADD PRIMARY KEY (`id_hasil`),
  ADD KEY `id_user` (`id_user`);

--
-- Indeks untuk tabel `hasil_cf`
--
ALTER TABLE `hasil_cf`
  ADD PRIMARY KEY (`id_hasil_cf`),
  ADD KEY `id_hasil` (`id_hasil`),
  ADD KEY `kode_kriteria` (`kode_kriteria`);

--
-- Indeks untuk tabel `hasil_nb`
--
ALTER TABLE `hasil_nb`
  ADD PRIMARY KEY (`id_hasil_nb`),
  ADD KEY `id_hasil` (`id_hasil`),
  ADD KEY `kode_kriteria` (`kode_kriteria`);

--
-- Indeks untuk tabel `jawaban`
--
ALTER TABLE `jawaban`
  ADD PRIMARY KEY (`id_jawaban`),
  ADD KEY `id_user` (`id_user`),
  ADD KEY `id_pertanyaan` (`id_pertanyaan`),
  ADD KEY `id_gejala` (`id_gejala`),
  ADD KEY `jawaban_ibfk_3` (`id_kriteria`);

--
-- Indeks untuk tabel `kriteria`
--
ALTER TABLE `kriteria`
  ADD PRIMARY KEY (`id_kriteria`);

--
-- Indeks untuk tabel `pakar`
--
ALTER TABLE `pakar`
  ADD PRIMARY KEY (`id`);

--
-- Indeks untuk tabel `pertanyaan`
--
ALTER TABLE `pertanyaan`
  ADD PRIMARY KEY (`id_pertanyaan`);

--
-- Indeks untuk tabel `user`
--
ALTER TABLE `user`
  ADD PRIMARY KEY (`id_user`);

--
-- Indeks untuk tabel `variabel`
--
ALTER TABLE `variabel`
  ADD PRIMARY KEY (`id_variabel`);

--
-- AUTO_INCREMENT untuk tabel yang dibuang
--

--
-- AUTO_INCREMENT untuk tabel `gejala`
--
ALTER TABLE `gejala`
  MODIFY `id_gejala` int(11) NOT NULL AUTO_INCREMENT, AUTO_INCREMENT=41;

--
-- AUTO_INCREMENT untuk tabel `hasil_cf`
--
ALTER TABLE `hasil_cf`
  MODIFY `id_hasil_cf` int(11) NOT NULL AUTO_INCREMENT, AUTO_INCREMENT=303;

--
-- AUTO_INCREMENT untuk tabel `hasil_nb`
--
ALTER TABLE `hasil_nb`
  MODIFY `id_hasil_nb` int(11) NOT NULL AUTO_INCREMENT, AUTO_INCREMENT=227;

--
-- AUTO_INCREMENT untuk tabel `jawaban`
--
ALTER TABLE `jawaban`
  MODIFY `id_jawaban` int(11) NOT NULL AUTO_INCREMENT, AUTO_INCREMENT=5112;

--
-- AUTO_INCREMENT untuk tabel `kriteria`
--
ALTER TABLE `kriteria`
  MODIFY `id_kriteria` int(11) NOT NULL AUTO_INCREMENT, AUTO_INCREMENT=14;

--
-- AUTO_INCREMENT untuk tabel `pakar`
--
ALTER TABLE `pakar`
  MODIFY `id` int(11) UNSIGNED NOT NULL AUTO_INCREMENT, AUTO_INCREMENT=76;

--
-- AUTO_INCREMENT untuk tabel `user`
--
ALTER TABLE `user`
  MODIFY `id_user` int(11) NOT NULL AUTO_INCREMENT, AUTO_INCREMENT=9;

--
-- AUTO_INCREMENT untuk tabel `variabel`
--
ALTER TABLE `variabel`
  MODIFY `id_variabel` int(11) NOT NULL AUTO_INCREMENT, AUTO_INCREMENT=132;

--
-- Ketidakleluasaan untuk tabel pelimpahan (Dumped Tables)
--

--
-- Ketidakleluasaan untuk tabel `hasil`
--
ALTER TABLE `hasil`
  ADD CONSTRAINT `hasil_ibfk_1` FOREIGN KEY (`id_user`) REFERENCES `user` (`id_user`);

--
-- Ketidakleluasaan untuk tabel `hasil_cf`
--
ALTER TABLE `hasil_cf`
  ADD CONSTRAINT `hasil_cf_ibfk_1` FOREIGN KEY (`id_hasil`) REFERENCES `hasil` (`id_hasil`) ON DELETE CASCADE ON UPDATE CASCADE;

--
-- Ketidakleluasaan untuk tabel `hasil_nb`
--
ALTER TABLE `hasil_nb`
  ADD CONSTRAINT `hasil_nb_ibfk_1` FOREIGN KEY (`id_hasil`) REFERENCES `hasil` (`id_hasil`) ON DELETE CASCADE ON UPDATE CASCADE;

--
-- Ketidakleluasaan untuk tabel `jawaban`
--
ALTER TABLE `jawaban`
  ADD CONSTRAINT `jawaban_ibfk_1` FOREIGN KEY (`id_user`) REFERENCES `user` (`id_user`),
  ADD CONSTRAINT `jawaban_ibfk_2` FOREIGN KEY (`id_pertanyaan`) REFERENCES `pertanyaan` (`id_pertanyaan`),
  ADD CONSTRAINT `jawaban_ibfk_3` FOREIGN KEY (`id_kriteria`) REFERENCES `kriteria` (`id_kriteria`) ON DELETE CASCADE ON UPDATE CASCADE,
  ADD CONSTRAINT `jawaban_ibfk_4` FOREIGN KEY (`id_gejala`) REFERENCES `gejala` (`id_gejala`);
COMMIT;

/*!40101 SET CHARACTER_SET_CLIENT=@OLD_CHARACTER_SET_CLIENT */;
/*!40101 SET CHARACTER_SET_RESULTS=@OLD_CHARACTER_SET_RESULTS */;
/*!40101 SET COLLATION_CONNECTION=@OLD_COLLATION_CONNECTION */;
